Workbook

Sheet Validierung_Teststufe_1
A1: Pflichtattribute VSA-DSS-Mini | D1: Version VSA Checker Analytics
E4: Teststufe 1
E5: Abgabe Werkkataster | G5: Fehlerkategorie
E6: (%) Minimalanforderung | G6: (Fehler/Warnung) | J6: Objekte Total | K6: Objekte Total PAA | L6: Objekte Total SAA | M6: Fehler gefunden | O6: Fehler gefunden | Q6: Fehler gefunden | S6: Resultat
M7: Total | O7: PAA Objekte mit Wert "NULL" | Q7: SAA Objekte mit Wert "NULL" | S7: Fehlerkategorie + Anteil
A8: Prüfregel | B8: Klasse | C8: Attribut | D8: Constraints Wertebereich PAA/SAA AWA/AfU | E8: PAA | F8: SAA | G8: PAA | H8: SAA | I8: Relevant für Teilprojekt | J8: [Anzahl] | K8: [Anzahl] | L8: [Anzahl] | M8: [Anzahl] | N8: [Anteil in %] | O8: [Anzahl] | P8: [Anteil in %] | Q8: [Anzahl] | R8: [Anteil in %]
A9: 10001a | B9: ALR | C9: Beseitigung_Ist | I9: ALR | J9: =IF(E9="","",raw_data!C1) | K9: =IF(E27="","",raw_data!F17) | M9: =IF(E9="","",raw_data!F1) | N9: =IF(E9="","",IFERROR(M9/J9,"-")) | O9: =IF(E27="","",raw_data!G17) | S9: =IF(E9="","",IF(OR(NOT(ISNUMBER(N9)),N9<=(1-E9)),"erfüllt",IF(G9="Fehler","mit Fehler",IF(G9="Warnung","mit Warnung",""))))
A10: 10001b | B10: ALR | C10: Beseitigung_Ist | D10: not unbekannt | I10: ALR | J10: =IF(E10="","",raw_data!C2) | M10: =IF(E10="","",raw_data!F2) | N10: =IF(E10="","",IFERROR(M10/J10,"-")) | S10: =IF(E10="","",IF(OR(NOT(ISNUMBER(N10)),N10<=(1-E10)),"erfüllt",IF(G10="Fehler","mit Fehler",IF(G10="Warnung","mit Warnung",""))))
A11: 10002 | B11: ALR | C11: Bezeichnung | I11: ALR | J11: =IF(E11="","",raw_data!C3) | M11: =IF(E11="","",raw_data!F3) | N11: =IF(E11="","",IFERROR(M11/J11,"-")) | S11: =IF(E11="","",IF(OR(NOT(ISNUMBER(N11)),N11<=(1-E11)),"erfüllt",IF(G11="Fehler","mit Fehler",IF(G11="Warnung","mit Warnung",""))))
A12: 10003 | B12: ALR | C12: Datenherrref | I12: ALR | J12: =IF(E12="","",raw_data!C4) | M12: =IF(E12="","",raw_data!F4) | N12: =IF(E12="","",IFERROR(M12/J12,"-")) | S12: =IF(E12="","",IF(OR(NOT(ISNUMBER(N12)),N12<=(1-E12)),"erfüllt",IF(G12="Fehler","mit Fehler",IF(G12="Warnung","mit Warnung",""))))
A13: 10004 | B13: ALR | C13: Datenlieferantref | I13: ALR | J13: =IF(E13="","",raw_data!C5) | M13: =IF(E13="","",raw_data!F5) | N13: =IF(E13="","",IFERROR(M13/J13,"-")) | S13: =IF(E13="","",IF(OR(NOT(ISNUMBER(N13)),N13<=(1-E13)),"erfüllt",IF(G13="Fehler","mit Fehler",IF(G13="Warnung","mit Warnung",""))))
A14: 10005 | B14: ALR | C14: Einwohnerwerte | I14: ALR | J14: =IF(E14="","",raw_data!C6) | M14: =IF(E14="","",raw_data!F6) | N14: =IF(E14="","",IFERROR(M14/J14,"-")) | S14: =IF(E14="","",IF(OR(NOT(ISNUMBER(N14)),N14<=(1-E14)),"erfüllt",IF(G14="Fehler","mit Fehler",IF(G14="Warnung","mit Warnung",""))))
A15: 10006 | B15: ALR | C15: Lage | I15: ALR | J15: =IF(E15="","",raw_data!C7) | M15: =IF(E15="","",raw_data!F7) | N15: =IF(E15="","",IFERROR(M15/J15,"-")) | S15: =IF(E15="","",IF(OR(NOT(ISNUMBER(N15)),N15<=(1-E15)),"erfüllt",IF(G15="Fehler","mit Fehler",IF(G15="Warnung","mit Warnung",""))))
A16: 10007 | B16: ALR | C16: Letzte_Aenderung | I16: ALR | J16: =IF(E16="","",raw_data!C8) | M16: =IF(E16="","",raw_data!F8) | N16: =IF(E16="","",IFERROR(M16/J16,"-")) | S16: =IF(E16="","",IF(OR(NOT(ISNUMBER(N16)),N16<=(1-E16)),"erfüllt",IF(G16="Fehler","mit Fehler",IF(G16="Warnung","mit Warnung",""))))
A17: 10008 | B17: ALR | C17: Massnahmeref | I17: ALR | J17: =IF(E17="","",raw_data!C9) | M17: =IF(E17="","",raw_data!F9) | N17: =IF(E17="","",IFERROR(M17/J17,"-")) | S17: =IF(E17="","",IF(OR(NOT(ISNUMBER(N17)),N17<=(1-E17)),"erfüllt",IF(G17="Fehler","mit Fehler",IF(G17="Warnung","mit Warnung",""))))
A18: 10009 | B18: ALR | C18: Obj_Id_Entsorgung | I18: ALR | J18: =IF(E18="","",raw_data!C10) | M18: =IF(E18="","",raw_data!F10) | N18: =IF(E18="","",IFERROR(M18/J18,"-")) | S18: =IF(E18="","",IF(OR(NOT(ISNUMBER(N18)),N18<=(1-E18)),"erfüllt",IF(G18="Fehler","mit Fehler",IF(G18="Warnung","mit Warnung",""))))
A19: 10010 | B19: ALR | C19: Obj_Id_Entsorgung_Abwasserbauwerk | I19: ALR | J19: =IF(E19="","",raw_data!C11) | M19: =IF(E19="","",raw_data!F11) | N19: =IF(E19="","",IFERROR(M19/J19,"-")) | S19: =IF(E19="","",IF(OR(NOT(ISNUMBER(N19)),N19<=(1-E19)),"erfüllt",IF(G19="Fehler","mit Fehler",IF(G19="Warnung","mit Warnung",""))))
A20: 10011 | B20: ALR | C20: Obj_Id_Entsorgung_Einleitstelle | I20: ALR | J20: =IF(E20="","",raw_data!C12) | M20: =IF(E20="","",raw_data!F12) | N20: =IF(E20="","",IFERROR(M20/J20,"-")) | S20: =IF(E20="","",IF(OR(NOT(ISNUMBER(N20)),N20<=(1-E20)),"erfüllt",IF(G20="Fehler","mit Fehler",IF(G20="Warnung","mit Warnung",""))))
A21: 10012 | B21: ALR | C21: Obj_Id_Entsorgung_Versickerungsanlage | I21: ALR | J21: =IF(E21="","",raw_data!C13) | M21: =IF(E21="","",raw_data!F13) | N21: =IF(E21="","",IFERROR(M21/J21,"-")) | S21: =IF(E21="","",IF(OR(NOT(ISNUMBER(N21)),N21<=(1-E21)),"erfüllt",IF(G21="Fehler","mit Fehler",IF(G21="Warnung","mit Warnung",""))))
A22: 10013 | B22: ALR | C22: Obj_Id_Gebaeudegruppe_Entsorgung | I22: ALR | J22: =IF(E22="","",raw_data!C14) | M22: =IF(E22="","",raw_data!F14) | N22: =IF(E22="","",IFERROR(M22/J22,"-")) | S22: =IF(E22="","",IF(OR(NOT(ISNUMBER(N22)),N22<=(1-E22)),"erfüllt",IF(G22="Fehler","mit Fehler",IF(G22="Warnung","mit Warnung",""))))
A23: 10014 | B23: ALR | C23: OID | I23: ALR | J23: =IF(E23="","",raw_data!C15) | M23: =IF(E23="","",raw_data!F15) | N23: =IF(E23="","",IFERROR(M23/J23,"-")) | S23: =IF(E23="","",IF(OR(NOT(ISNUMBER(N23)),N23<=(1-E23)),"erfüllt",IF(G23="Fehler","mit Fehler",IF(G23="Warnung","mit Warnung",""))))
A24: 10015a | B24: ALR | C24: Sanierungsbedarf | I24: ALR | J24: =IF(E24="","",raw_data!C16) | M24: =IF(E24="","",raw_data!F16) | N24: =IF(E24="","",IFERROR(M24/J24,"-")) | S24: =IF(E24="","",IF(OR(NOT(ISNUMBER(N24)),N24<=(1-E24)),"erfüllt",IF(G24="Fehler","mit Fehler",IF(G24="Warnung","mit Warnung",""))))
A25: 10015b | B25: ALR | C25: Sanierungsbedarf | D25: not unbekannt | I25: ALR | J25: =IF(E25="","",raw_data!C17) | M25: =IF(E25="","",raw_data!F17) | N25: =IF(E25="","",IFERROR(M25/J25,"-")) | S25: =IF(E25="","",IF(OR(NOT(ISNUMBER(N25)),N25<=(1-E25)),"erfüllt",IF(G25="Fehler","mit Fehler",IF(G25="Warnung","mit Warnung",""))))
A26: 10016 | B26: ALR | C26: Sanierungsdatum | I26: ALR | J26: =IF(E26="","",raw_data!C18) | M26: =IF(E26="","",raw_data!F18) | N26: =IF(E26="","",IFERROR(M26/J26,"-")) | S26: =IF(E26="","",IF(OR(NOT(ISNUMBER(N26)),N26<=(1-E26)),"erfüllt",IF(G26="Fehler","mit Fehler",IF(G26="Warnung","mit Warnung",""))))
A27: 10017 | B27: ALR | C27: Sanierungskonzept | I27: ALR | J27: =IF(E27="","",raw_data!C19) | M27: =IF(E27="","",raw_data!F19) | N27: =IF(E27="","",IFERROR(M27/J27,"-")) | S27: =IF(E27="","",IF(OR(NOT(ISNUMBER(N27)),N27<=(1-E27)),"erfüllt",IF(G27="Fehler","mit Fehler",IF(G27="Warnung","mit Warnung",""))))
A28: 11001 | B28: Knoten | C28: Ara_Nr | I28: Anlagenkataster | J28: =IF(E28="","",raw_data!C20) | K28: =IF(E28="","",raw_data!D20) | L28: =IF(F28="","",raw_data!E20) | M28: =IF(E28="","",raw_data!F20) | N28: =IF(E28="","",IFERROR(M28/J28,"-")) | O28: =IF(E28="","",raw_data!G20) | P28: =IF(E28="","",IFERROR(O28/K28,"-")) | Q28: =IF(F28="","",raw_data!H20) | R28: =IF(F28="","",IFERROR(Q28/L28,"-")) | S28: =IF(E28="","",IF(OR(NOT(ISNUMBER(N28)),N28<=(1-E28)),"erfüllt",IF(G28="Fehler","mit Fehler",IF(G28="Warnung","mit Warnung",""))))
A29: 11002a | B29: Knoten | C29: Status | E29: 0.9 | F29: 0.9 | G29: Fehler | H29: Fehler | I29: Anlagenkataster | J29: =IF(E29="","",raw_data!C21) -> 0 | K29: =IF(E29="","",raw_data!D21) -> 0 | L29: =IF(F29="","",raw_data!E21) -> 0 | M29: =IF(E29="","",raw_data!F21) -> 0 | N29: =IF(E29="","",IFERROR(M29/J29,"-")) -> - | O29: =IF(E29="","",raw_data!G21) -> 0 | P29: =IF(E29="","",IFERROR(O29/K29,"-")) -> - | Q29: =IF(F29="","",raw_data!H21) -> 0 | R29: =IF(F29="","",IFERROR(Q29/L29,"-")) -> - | S29: =IF(E29="","",IF(OR(NOT(ISNUMBER(N29)),N29<=(1-E29)),"erfüllt",IF(G29="Fehler","mit Fehler",IF(G29="Warnung","mit Warnung","")))) -> erfüllt
A30: 11002b | B30: Knoten | C30: Status | D30: not unbekannt | I30: Anlagenkataster | J30: =IF(E30="","",raw_data!C22) | K30: =IF(E30="","",raw_data!D22) | L30: =IF(F30="","",raw_data!E22) | M30: =IF(E30="","",raw_data!F22) | N30: =IF(E30="","",IFERROR(M30/J30,"-")) | O30: =IF(E30="","",raw_data!G22) | P30: =IF(E30="","",IFERROR(O30/K30,"-")) | Q30: =IF(F30="","",raw_data!H22) | R30: =IF(F30="","",IFERROR(Q30/L30,"-")) | S30: =IF(E30="","",IF(OR(NOT(ISNUMBER(N30)),N30<=(1-E30)),"erfüllt",IF(G30="Fehler","mit Fehler",IF(G30="Warnung","mit Warnung",""))))
A31: 11003 | B31: Knoten | C31: Baujahr | I31: Anlagenkataster | J31: =IF(E31="","",raw_data!C23) | K31: =IF(E31="","",raw_data!D23) | L31: =IF(F31="","",raw_data!E23) | M31: =IF(E31="","",raw_data!F23) | N31: =IF(E31="","",IFERROR(M31/J31,"-")) | O31: =IF(E31="","",raw_data!G23) | P31: =IF(E31="","",IFERROR(O31/K31,"-")) | Q31: =IF(F31="","",raw_data!H23) | R31: =IF(F31="","",IFERROR(Q31/L31,"-")) | S31: =IF(E31="","",IF(OR(NOT(ISNUMBER(N31)),N31<=(1-E31)),"erfüllt",IF(G31="Fehler","mit Fehler",IF(G31="Warnung","mit Warnung",""))))
A32: 11004a | B32: Knoten | C32: Baulicherzustand | I32: Z-S-U | J32: =IF(E32="","",raw_data!C24) | K32: =IF(E32="","",raw_data!D24) | L32: =IF(F32="","",raw_data!E24) | M32: =IF(E32="","",raw_data!F24) | N32: =IF(E32="","",IFERROR(M32/J32,"-")) | O32: =IF(E32="","",raw_data!G24) | P32: =IF(E32="","",IFERROR(O32/K32,"-")) | Q32: =IF(F32="","",raw_data!H24) | R32: =IF(F32="","",IFERROR(Q32/L32,"-")) | S32: =IF(E32="","",IF(OR(NOT(ISNUMBER(N32)),N32<=(1-E32)),"erfüllt",IF(G32="Fehler","mit Fehler",IF(G32="Warnung","mit Warnung",""))))
A33: 11004b | B33: Knoten | C33: Baulicherzustand | D33: not unbekannt | I33: Z-S-U | J33: =IF(E33="","",raw_data!C25) | K33: =IF(E33="","",raw_data!D25) | L33: =IF(F33="","",raw_data!E25) | M33: =IF(E33="","",raw_data!F25) | N33: =IF(E33="","",IFERROR(M33/J33,"-")) | O33: =IF(E33="","",raw_data!G25) | P33: =IF(E33="","",IFERROR(O33/K33,"-")) | Q33: =IF(F33="","",raw_data!H25) | R33: =IF(F33="","",IFERROR(Q33/L33,"-")) | S33: =IF(E33="","",IF(OR(NOT(ISNUMBER(N33)),N33<=(1-E33)),"erfüllt",IF(G33="Fehler","mit Fehler",IF(G33="Warnung","mit Warnung",""))))
A34: 11005 | B34: Knoten | C34: Bemerkung | I34: Anlagenkataster | J34: =IF(E34="","",raw_data!C26) | K34: =IF(E34="","",raw_data!D26) | L34: =IF(F34="","",raw_data!E26) | M34: =IF(E34="","",raw_data!F26) | N34: =IF(E34="","",IFERROR(M34/J34,"-")) | O34: =IF(E34="","",raw_data!G26) | P34: =IF(E34="","",IFERROR(O34/K34,"-")) | Q34: =IF(F34="","",raw_data!H26) | R34: =IF(F34="","",IFERROR(Q34/L34,"-")) | S34: =IF(E34="","",IF(OR(NOT(ISNUMBER(N34)),N34<=(1-E34)),"erfüllt",IF(G34="Fehler","mit Fehler",IF(G34="Warnung","mit Warnung",""))))
A35: 11006 | B35: Knoten | C35: Betreiberref | I35: Anlagenkataster | J35: =IF(E35="","",raw_data!C27) | K35: =IF(E35="","",raw_data!D27) | L35: =IF(F35="","",raw_data!E27) | M35: =IF(E35="","",raw_data!F27) | N35: =IF(E35="","",IFERROR(M35/J35,"-")) | O35: =IF(E35="","",raw_data!G27) | P35: =IF(E35="","",IFERROR(O35/K35,"-")) | Q35: =IF(F35="","",raw_data!H27) | R35: =IF(F35="","",IFERROR(Q35/L35,"-")) | S35: =IF(E35="","",IF(OR(NOT(ISNUMBER(N35)),N35<=(1-E35)),"erfüllt",IF(G35="Fehler","mit Fehler",IF(G35="Warnung","mit Warnung",""))))
A36: 11007a | B36: Knoten | C36: Bezeichnung | I36: Anlagenkataster | J36: =IF(E36="","",raw_data!C28) | K36: =IF(E36="","",raw_data!D28) | L36: =IF(F36="","",raw_data!E28) | M36: =IF(E36="","",raw_data!F28) | N36: =IF(E36="","",IFERROR(M36/J36,"-")) | O36: =IF(E36="","",raw_data!G28) | P36: =IF(E36="","",IFERROR(O36/K36,"-")) | Q36: =IF(F36="","",raw_data!H28) | R36: =IF(F36="","",IFERROR(Q36/L36,"-")) | S36: =IF(E36="","",IF(OR(NOT(ISNUMBER(N36)),N36<=(1-E36)),"erfüllt",IF(G36="Fehler","mit Fehler",IF(G36="Warnung","mit Warnung",""))))
A37: 11007b | B37: Knoten | C37: Bezeichnung | D37: eindeutig | E37: 1 | F37: 1 | G37: Fehler | H37: Fehler | I37: Anlagenkataster | J37: =IF(E37="","",raw_data!C29) -> 0 | K37: =IF(E37="","",raw_data!D29) -> 0 | L37: =IF(F37="","",raw_data!E29) -> 0 | M37: =IF(E37="","",raw_data!F29) -> 0 | N37: =IF(E37="","",IFERROR(M37/J37,"-")) -> - | O37: =IF(E37="","",raw_data!G29) -> 0 | P37: =IF(E37="","",IFERROR(O37/K37,"-")) -> - | Q37: =IF(F37="","",raw_data!H29) -> 0 | R37: =IF(F37="","",IFERROR(Q37/L37,"-")) -> - | S37: =IF(E37="","",IF(OR(NOT(ISNUMBER(N37)),N37<=(1-E37)),"erfüllt",IF(G37="Fehler","mit Fehler",IF(G37="Warnung","mit Warnung","")))) -> erfüllt
A38: 11008 | B38: Knoten | C38: Datenherrref | I38: Anlagenkataster | J38: =IF(E38="","",raw_data!C30) | K38: =IF(E38="","",raw_data!D30) | L38: =IF(F38="","",raw_data!E30) | M38: =IF(E38="","",raw_data!F30) | N38: =IF(E38="","",IFERROR(M38/J38,"-")) | O38: =IF(E38="","",raw_data!G30) | P38: =IF(E38="","",IFERROR(O38/K38,"-")) | Q38: =IF(F38="","",raw_data!H30) | R38: =IF(F38="","",IFERROR(Q38/L38,"-")) | S38: =IF(E38="","",IF(OR(NOT(ISNUMBER(N38)),N38<=(1-E38)),"erfüllt",IF(G38="Fehler","mit Fehler",IF(G38="Warnung","mit Warnung",""))))
A39: 11009 | B39: Knoten | C39: Datenlieferantref | I39: Anlagenkataster | J39: =IF(E39="","",raw_data!C31) | K39: =IF(E39="","",raw_data!D31) | L39: =IF(F39="","",raw_data!E31) | M39: =IF(E39="","",raw_data!F31) | N39: =IF(E39="","",IFERROR(M39/J39,"-")) | O39: =IF(E39="","",raw_data!G31) | P39: =IF(E39="","",IFERROR(O39/K39,"-")) | Q39: =IF(F39="","",raw_data!H31) | R39: =IF(F39="","",IFERROR(Q39/L39,"-")) | S39: =IF(E39="","",IF(OR(NOT(ISNUMBER(N39)),N39<=(1-E39)),"erfüllt",IF(G39="Fehler","mit Fehler",IF(G39="Warnung","mit Warnung",""))))
A40: 11010 | B40: Knoten | C40: Deckelkote | I40: Entwässerungskonzept | J40: =IF(E40="","",raw_data!C32) | K40: =IF(E40="","",raw_data!D32) | L40: =IF(F40="","",raw_data!E32) | M40: =IF(E40="","",raw_data!F32) | N40: =IF(E40="","",IFERROR(M40/J40,"-")) | O40: =IF(E40="","",raw_data!G32) | P40: =IF(E40="","",IFERROR(O40/K40,"-")) | Q40: =IF(F40="","",raw_data!H32) | R40: =IF(F40="","",IFERROR(Q40/L40,"-")) | S40: =IF(E40="","",IF(OR(NOT(ISNUMBER(N40)),N40<=(1-E40)),"erfüllt",IF(G40="Fehler","mit Fehler",IF(G40="Warnung","mit Warnung",""))))
A41: 11011 | B41: Knoten | C41: Detailgeometrie | I41: Anlagenkataster | J41: =IF(E41="","",raw_data!C33) | K41: =IF(E41="","",raw_data!D33) | L41: =IF(F41="","",raw_data!E33) | M41: =IF(E41="","",raw_data!F33) | N41: =IF(E41="","",IFERROR(M41/J41,"-")) | O41: =IF(E41="","",raw_data!G33) | P41: =IF(E41="","",IFERROR(O41/K41,"-")) | Q41: =IF(F41="","",raw_data!H33) | R41: =IF(F41="","",IFERROR(Q41/L41,"-")) | S41: =IF(E41="","",IF(OR(NOT(ISNUMBER(N41)),N41<=(1-E41)),"erfüllt",IF(G41="Fehler","mit Fehler",IF(G41="Warnung","mit Warnung",""))))
A42: 11012 | B42: Knoten | C42: Dimension1 | I42: Anlagenkataster | J42: =IF(E42="","",raw_data!C34) | K42: =IF(E42="","",raw_data!D34) | L42: =IF(F42="","",raw_data!E34) | M42: =IF(E42="","",raw_data!F34) | N42: =IF(E42="","",IFERROR(M42/J42,"-")) | O42: =IF(E42="","",raw_data!G34) | P42: =IF(E42="","",IFERROR(O42/K42,"-")) | Q42: =IF(F42="","",raw_data!H34) | R42: =IF(F42="","",IFERROR(Q42/L42,"-")) | S42: =IF(E42="","",IF(OR(NOT(ISNUMBER(N42)),N42<=(1-E42)),"erfüllt",IF(G42="Fehler","mit Fehler",IF(G42="Warnung","mit Warnung",""))))
A43: 11013 | B43: Knoten | C43: Dimension2 | I43: Anlagenkataster | J43: =IF(E43="","",raw_data!C35) | K43: =IF(E43="","",raw_data!D35) | L43: =IF(F43="","",raw_data!E35) | M43: =IF(E43="","",raw_data!F35) | N43: =IF(E43="","",IFERROR(M43/J43,"-")) | O43: =IF(E43="","",raw_data!G35) | P43: =IF(E43="","",IFERROR(O43/K43,"-")) | Q43: =IF(F43="","",raw_data!H35) | R43: =IF(F43="","",IFERROR(Q43/L43,"-")) | S43: =IF(E43="","",IF(OR(NOT(ISNUMBER(N43)),N43<=(1-E43)),"erfüllt",IF(G43="Fehler","mit Fehler",IF(G43="Warnung","mit Warnung",""))))
A44: 11014 | B44: Knoten | C44: Dringlichkeitszahl (nur 2020.1) | I44: Anlagenkataster | J44: =IF(E44="","",raw_data!C36) | K44: =IF(E44="","",raw_data!D36) | L44: =IF(F44="","",raw_data!E36) | M44: =IF(E44="","",raw_data!F36) | N44: =IF(E44="","",IFERROR(M44/J44,"-")) | O44: =IF(E44="","",raw_data!G36) | P44: =IF(E44="","",IFERROR(O44/K44,"-")) | Q44: =IF(F44="","",raw_data!H36) | R44: =IF(F44="","",IFERROR(Q44/L44,"-")) | S44: =IF(E44="","",IF(OR(NOT(ISNUMBER(N44)),N44<=(1-E44)),"erfüllt",IF(G44="Fehler","mit Fehler",IF(G44="Warnung","mit Warnung",""))))
A45: 11015 | B45: Knoten | C45: Eigentuemerref | E45: 1 | F45: 1 | G45: Fehler | H45: Fehler | I45: Anlagenkataster | J45: =IF(E45="","",raw_data!C37) -> 0 | K45: =IF(E45="","",raw_data!D37) -> 0 | L45: =IF(F45="","",raw_data!E37) -> 0 | M45: =IF(E45="","",raw_data!F37) -> 0 | N45: =IF(E45="","",IFERROR(M45/J45,"-")) -> - | O45: =IF(E45="","",raw_data!G37) -> 0 | P45: =IF(E45="","",IFERROR(O45/K45,"-")) -> - | Q45: =IF(F45="","",raw_data!H37) -> 0 | R45: =IF(F45="","",IFERROR(Q45/L45,"-")) -> - | S45: =IF(E45="","",IF(OR(NOT(ISNUMBER(N45)),N45<=(1-E45)),"erfüllt",IF(G45="Fehler","mit Fehler",IF(G45="Warnung","mit Warnung","")))) -> erfüllt
A46: 11016a | B46: Knoten | C46: Finanzierung | E46: 0.8 | F46: 0.8 | G46: Fehler | H46: Fehler | I46: Anlagenkataster | J46: =IF(E46="","",raw_data!C38) -> 0 | K46: =IF(E46="","",raw_data!D38) -> 0 | L46: =IF(F46="","",raw_data!E38) -> 0 | M46: =IF(E46="","",raw_data!F38) -> 0 | N46: =IF(E46="","",IFERROR(M46/J46,"-")) -> - | O46: =IF(E46="","",raw_data!G38) -> 0 | P46: =IF(E46="","",IFERROR(O46/K46,"-")) -> - | Q46: =IF(F46="","",raw_data!H38) -> 0 | R46: =IF(F46="","",IFERROR(Q46/L46,"-")) -> - | S46: =IF(E46="","",IF(OR(NOT(ISNUMBER(N46)),N46<=(1-E46)),"erfüllt",IF(G46="Fehler","mit Fehler",IF(G46="Warnung","mit Warnung","")))) -> erfüllt
A47: 11016b | B47: Knoten | C47: Finanzierung | D47: not unbekannt | I47: Anlagenkataster | J47: =IF(E47="","",raw_data!C39) | K47: =IF(E47="","",raw_data!D39) | L47: =IF(F47="","",raw_data!E39) | M47: =IF(E47="","",raw_data!F39) | N47: =IF(E47="","",IFERROR(M47/J47,"-")) | O47: =IF(E47="","",raw_data!G39) | P47: =IF(E47="","",IFERROR(O47/K47,"-")) | Q47: =IF(F47="","",raw_data!H39) | R47: =IF(F47="","",IFERROR(Q47/L47,"-")) | S47: =IF(E47="","",IF(OR(NOT(ISNUMBER(N47)),N47<=(1-E47)),"erfüllt",IF(G47="Fehler","mit Fehler",IF(G47="Warnung","mit Warnung",""))))
A48: 11017a | B48: Knoten | C48: Funktion | E48: 1 | F48: 1 | G48: Fehler | H48: Fehler | I48: Anlagenkataster | J48: =IF(E48="","",raw_data!C40) -> 0 | K48: =IF(E48="","",raw_data!D40) -> 0 | L48: =IF(F48="","",raw_data!E40) -> 0 | M48: =IF(E48="","",raw_data!F40) -> 0 | N48: =IF(E48="","",IFERROR(M48/J48,"-")) -> - | O48: =IF(E48="","",raw_data!G40) -> 0 | P48: =IF(E48="","",IFERROR(O48/K48,"-")) -> - | Q48: =IF(F48="","",raw_data!H40) -> 0 | R48: =IF(F48="","",IFERROR(Q48/L48,"-")) -> - | S48: =IF(E48="","",IF(OR(NOT(ISNUMBER(N48)),N48<=(1-E48)),"erfüllt",IF(G48="Fehler","mit Fehler",IF(G48="Warnung","mit Warnung","")))) -> erfüllt
A49: 11017b | B49: Knoten | C49: Funktion | D49: not unbekannt | I49: Anlagenkataster | J49: =IF(E49="","",raw_data!C41) | K49: =IF(E49="","",raw_data!D41) | L49: =IF(F49="","",raw_data!E41) | M49: =IF(E49="","",raw_data!F41) | N49: =IF(E49="","",IFERROR(M49/J49,"-")) | O49: =IF(E49="","",raw_data!G41) | P49: =IF(E49="","",IFERROR(O49/K49,"-")) | Q49: =IF(F49="","",raw_data!H41) | R49: =IF(F49="","",IFERROR(Q49/L49,"-")) | S49: =IF(E49="","",IF(OR(NOT(ISNUMBER(N49)),N49<=(1-E49)),"erfüllt",IF(G49="Fehler","mit Fehler",IF(G49="Warnung","mit Warnung",""))))
A50: 11018 | B50: Knoten | C50: Funktionhierarchisch | E50: 1 | F50: 1 | G50: Fehler | H50: Fehler | I50: Anlagenkataster | J50: =IF(E50="","",raw_data!C42) -> 0 | K50: =IF(E50="","",raw_data!D42) -> 0 | L50: =IF(F50="","",raw_data!E42) -> 0 | M50: =IF(E50="","",raw_data!F42) -> 0 | N50: =IF(E50="","",IFERROR(M50/J50,"-")) -> - | O50: =IF(E50="","",raw_data!G42) -> 0 | P50: =IF(E50="","",IFERROR(O50/K50,"-")) -> - | Q50: =IF(F50="","",raw_data!H42) -> 0 | R50: =IF(F50="","",IFERROR(Q50/L50,"-")) -> - | S50: =IF(E50="","",IF(OR(NOT(ISNUMBER(N50)),N50<=(1-E50)),"erfüllt",IF(G50="Fehler","mit Fehler",IF(G50="Warnung","mit Warnung","")))) -> erfüllt
A51: 11019 | B51: Knoten | C51: Lage | E51: 1 | F51: 1 | G51: Fehler | H51: Fehler | I51: Anlagenkataster | J51: =IF(E51="","",raw_data!C43) -> 0 | K51: =IF(E51="","",raw_data!D43) -> 0 | L51: =IF(F51="","",raw_data!E43) -> 0 | M51: =IF(E51="","",raw_data!F43) -> 0 | N51: =IF(E51="","",IFERROR(M51/J51,"-")) -> - | O51: =IF(E51="","",raw_data!G43) -> 0 | P51: =IF(E51="","",IFERROR(O51/K51,"-")) -> - | Q51: =IF(F51="","",raw_data!H43) -> 0 | R51: =IF(F51="","",IFERROR(Q51/L51,"-")) -> - | S51: =IF(E51="","",IF(OR(NOT(ISNUMBER(N51)),N51<=(1-E51)),"erfüllt",IF(G51="Fehler","mit Fehler",IF(G51="Warnung","mit Warnung","")))) -> erfüllt
A52: 11020 | B52: Knoten | C52: Lagegenauigkeit | I52: Anlagenkataster | J52: =IF(E52="","",raw_data!C44) | K52: =IF(E52="","",raw_data!D44) | L52: =IF(F52="","",raw_data!E44) | M52: =IF(E52="","",raw_data!F44) | N52: =IF(E52="","",IFERROR(M52/J52,"-")) | O52: =IF(E52="","",raw_data!G44) | P52: =IF(E52="","",IFERROR(O52/K52,"-")) | Q52: =IF(F52="","",raw_data!H44) | R52: =IF(F52="","",IFERROR(Q52/L52,"-")) | S52: =IF(E52="","",IF(OR(NOT(ISNUMBER(N52)),N52<=(1-E52)),"erfüllt",IF(G52="Fehler","mit Fehler",IF(G52="Warnung","mit Warnung",""))))
A53: 11021 | B53: Knoten | C53: Letzte_Aenderung | I53: Anlagenkataster | J53: =IF(E53="","",raw_data!C45) | K53: =IF(E53="","",raw_data!D45) | L53: =IF(F53="","",raw_data!E45) | M53: =IF(E53="","",raw_data!F45) | N53: =IF(E53="","",IFERROR(M53/J53,"-")) | O53: =IF(E53="","",raw_data!G45) | P53: =IF(E53="","",IFERROR(O53/K53,"-")) | Q53: =IF(F53="","",raw_data!H45) | R53: =IF(F53="","",IFERROR(Q53/L53,"-")) | S53: =IF(E53="","",IF(OR(NOT(ISNUMBER(N53)),N53<=(1-E53)),"erfüllt",IF(G53="Fehler","mit Fehler",IF(G53="Warnung","mit Warnung",""))))
A54: 11022a | B54: Knoten | C54: Nutzungsart_Geplant | I54: Anlagenkataster | J54: =IF(E54="","",raw_data!C46) | K54: =IF(E54="","",raw_data!D46) | L54: =IF(F54="","",raw_data!E46) | M54: =IF(E54="","",raw_data!F46) | N54: =IF(E54="","",IFERROR(M54/J54,"-")) | O54: =IF(E54="","",raw_data!G46) | P54: =IF(E54="","",IFERROR(O54/K54,"-")) | Q54: =IF(F54="","",raw_data!H46) | R54: =IF(F54="","",IFERROR(Q54/L54,"-")) | S54: =IF(E54="","",IF(OR(NOT(ISNUMBER(N54)),N54<=(1-E54)),"erfüllt",IF(G54="Fehler","mit Fehler",IF(G54="Warnung","mit Warnung",""))))
A55: 11022b | B55: Knoten | C55: Nutzungsart_Geplant | D55: not unbekannt | I55: Anlagenkataster | J55: =IF(E55="","",raw_data!C47) | K55: =IF(E55="","",raw_data!D47) | L55: =IF(F55="","",raw_data!E47) | M55: =IF(E55="","",raw_data!F47) | N55: =IF(E55="","",IFERROR(M55/J55,"-")) | O55: =IF(E55="","",raw_data!G47) | P55: =IF(E55="","",IFERROR(O55/K55,"-")) | Q55: =IF(F55="","",raw_data!H47) | R55: =IF(F55="","",IFERROR(Q55/L55,"-")) | S55: =IF(E55="","",IF(OR(NOT(ISNUMBER(N55)),N55<=(1-E55)),"erfüllt",IF(G55="Fehler","mit Fehler",IF(G55="Warnung","mit Warnung",""))))
A56: 11023a | B56: Knoten | C56: Nutzungsart_Ist | I56: Anlagenkataster | J56: =IF(E56="","",raw_data!C48) | K56: =IF(E56="","",raw_data!D48) | L56: =IF(F56="","",raw_data!E48) | M56: =IF(E56="","",raw_data!F48) | N56: =IF(E56="","",IFERROR(M56/J56,"-")) | O56: =IF(E56="","",raw_data!G48) | P56: =IF(E56="","",IFERROR(O56/K56,"-")) | Q56: =IF(F56="","",raw_data!H48) | R56: =IF(F56="","",IFERROR(Q56/L56,"-")) | S56: =IF(E56="","",IF(OR(NOT(ISNUMBER(N56)),N56<=(1-E56)),"erfüllt",IF(G56="Fehler","mit Fehler",IF(G56="Warnung","mit Warnung",""))))
A57: 11023b | B57: Knoten | C57: Nutzungsart_Ist | D57: not unbekannt | I57: Anlagenkataster | J57: =IF(E57="","",raw_data!C49) | K57: =IF(E57="","",raw_data!D49) | L57: =IF(F57="","",raw_data!E49) | M57: =IF(E57="","",raw_data!F49) | N57: =IF(E57="","",IFERROR(M57/J57,"-")) | O57: =IF(E57="","",raw_data!G49) | P57: =IF(E57="","",IFERROR(O57/K57,"-")) | Q57: =IF(F57="","",raw_data!H49) | R57: =IF(F57="","",IFERROR(Q57/L57,"-")) | S57: =IF(E57="","",IF(OR(NOT(ISNUMBER(N57)),N57<=(1-E57)),"erfüllt",IF(G57="Fehler","mit Fehler",IF(G57="Warnung","mit Warnung",""))))
A58: 11024 | B58: Knoten | C58: Obj_Id_Abwasserbauwerk | I58: Anlagenkataster | J58: =IF(E58="","",raw_data!C50) | K58: =IF(E58="","",raw_data!D50) | L58: =IF(F58="","",raw_data!E50) | M58: =IF(E58="","",raw_data!F50) | N58: =IF(E58="","",IFERROR(M58/J58,"-")) | O58: =IF(E58="","",raw_data!G50) | P58: =IF(E58="","",IFERROR(O58/K58,"-")) | Q58: =IF(F58="","",raw_data!H50) | R58: =IF(F58="","",IFERROR(Q58/L58,"-")) | S58: =IF(E58="","",IF(OR(NOT(ISNUMBER(N58)),N58<=(1-E58)),"erfüllt",IF(G58="Fehler","mit Fehler",IF(G58="Warnung","mit Warnung",""))))
A59: 11025 | B59: Knoten | C59: Obj_Id_Deckel | I59: Anlagenkataster | J59: =IF(E59="","",raw_data!C51) | K59: =IF(E59="","",raw_data!D51) | L59: =IF(F59="","",raw_data!E51) | M59: =IF(E59="","",raw_data!F51) | N59: =IF(E59="","",IFERROR(M59/J59,"-")) | O59: =IF(E59="","",raw_data!G51) | P59: =IF(E59="","",IFERROR(O59/K59,"-")) | Q59: =IF(F59="","",raw_data!H51) | R59: =IF(F59="","",IFERROR(Q59/L59,"-")) | S59: =IF(E59="","",IF(OR(NOT(ISNUMBER(N59)),N59<=(1-E59)),"erfüllt",IF(G59="Fehler","mit Fehler",IF(G59="Warnung","mit Warnung",""))))
A60: 11026 | B60: Knoten | C60: OID | E60: 1 | F60: 1 | G60: Fehler | H60: Fehler | I60: Anlagenkataster | J60: =IF(E60="","",raw_data!C52) -> 0 | K60: =IF(E60="","",raw_data!D52) -> 0 | L60: =IF(F60="","",raw_data!E52) -> 0 | M60: =IF(E60="","",raw_data!F52) -> 0 | N60: =IF(E60="","",IFERROR(M60/J60,"-")) -> - | O60: =IF(E60="","",raw_data!G52) -> 0 | P60: =IF(E60="","",IFERROR(O60/K60,"-")) -> - | Q60: =IF(F60="","",raw_data!H52) -> 0 | R60: =IF(F60="","",IFERROR(Q60/L60,"-")) -> - | S60: =IF(E60="","",IF(OR(NOT(ISNUMBER(N60)),N60<=(1-E60)),"erfüllt",IF(G60="Fehler","mit Fehler",IF(G60="Warnung","mit Warnung","")))) -> erfüllt
A61: 11027 | B61: Knoten | C61: Rueckstaukote_Ist | I61: Entwässerungskonzept | J61: =IF(E61="","",raw_data!C53) | K61: =IF(E61="","",raw_data!D53) | L61: =IF(F61="","",raw_data!E53) | M61: =IF(E61="","",raw_data!F53) | N61: =IF(E61="","",IFERROR(M61/J61,"-")) | O61: =IF(E61="","",raw_data!G53) | P61: =IF(E61="","",IFERROR(O61/K61,"-")) | Q61: =IF(F61="","",raw_data!H53) | R61: =IF(F61="","",IFERROR(Q61/L61,"-")) | S61: =IF(E61="","",IF(OR(NOT(ISNUMBER(N61)),N61<=(1-E61)),"erfüllt",IF(G61="Fehler","mit Fehler",IF(G61="Warnung","mit Warnung",""))))
A62: 11028 | B62: Knoten | C62: Sanierungsbedarf | I62: Z-S-U | J62: =IF(E62="","",raw_data!C54) | K62: =IF(E62="","",raw_data!D54) | L62: =IF(F62="","",raw_data!E54) | M62: =IF(E62="","",raw_data!F54) | N62: =IF(E62="","",IFERROR(M62/J62,"-")) | O62: =IF(E62="","",raw_data!G54) | P62: =IF(E62="","",IFERROR(O62/K62,"-")) | Q62: =IF(F62="","",raw_data!H54) | R62: =IF(F62="","",IFERROR(Q62/L62,"-")) | S62: =IF(E62="","",IF(OR(NOT(ISNUMBER(N62)),N62<=(1-E62)),"erfüllt",IF(G62="Fehler","mit Fehler",IF(G62="Warnung","mit Warnung",""))))
A63: 11029 | B63: Knoten | C63: Sohlenkote | I63: Anlagenkataster | J63: =IF(E63="","",raw_data!C55) | K63: =IF(E63="","",raw_data!D55) | L63: =IF(F63="","",raw_data!E55) | M63: =IF(E63="","",raw_data!F55) | N63: =IF(E63="","",IFERROR(M63/J63,"-")) | O63: =IF(E63="","",raw_data!G55) | P63: =IF(E63="","",IFERROR(O63/K63,"-")) | Q63: =IF(F63="","",raw_data!H55) | R63: =IF(F63="","",IFERROR(Q63/L63,"-")) | S63: =IF(E63="","",IF(OR(NOT(ISNUMBER(N63)),N63<=(1-E63)),"erfüllt",IF(G63="Fehler","mit Fehler",IF(G63="Warnung","mit Warnung",""))))
A64: 11030 | B64: Knoten | C64: Symbolori | I64: Anlagenkataster | J64: =IF(E64="","",raw_data!C56) | K64: =IF(E64="","",raw_data!D56) | L64: =IF(F64="","",raw_data!E56) | M64: =IF(E64="","",raw_data!F56) | N64: =IF(E64="","",IFERROR(M64/J64,"-")) | O64: =IF(E64="","",raw_data!G56) | P64: =IF(E64="","",IFERROR(O64/K64,"-")) | Q64: =IF(F64="","",raw_data!H56) | R64: =IF(F64="","",IFERROR(Q64/L64,"-")) | S64: =IF(E64="","",IF(OR(NOT(ISNUMBER(N64)),N64<=(1-E64)),"erfüllt",IF(G64="Fehler","mit Fehler",IF(G64="Warnung","mit Warnung",""))))
A65: 11031 | B65: Knoten | C65: Zugaenglichkeit | I65: Anlagenkataster | J65: =IF(E65="","",raw_data!C57) | K65: =IF(E65="","",raw_data!D57) | L65: =IF(F65="","",raw_data!E57) | M65: =IF(E65="","",raw_data!F57) | N65: =IF(E65="","",IFERROR(M65/J65,"-")) | O65: =IF(E65="","",raw_data!G57) | P65: =IF(E65="","",IFERROR(O65/K65,"-")) | Q65: =IF(F65="","",raw_data!H57) | R65: =IF(F65="","",IFERROR(Q65/L65,"-")) | S65: =IF(E65="","",IF(OR(NOT(ISNUMBER(N65)),N65<=(1-E65)),"erfüllt",IF(G65="Fehler","mit Fehler",IF(G65="Warnung","mit Warnung",""))))
A66: 11032a | B66: Knoten | C66: Zustandserhebung_Jahr | I66: Anlagenkataster | J66: =IF(E66="","",raw_data!C58) | K66: =IF(E66="","",raw_data!D58) | L66: =IF(F66="","",raw_data!E58) | M66: =IF(E66="","",raw_data!F58) | N66: =IF(E66="","",IFERROR(M66/J66,"-")) | O66: =IF(E66="","",raw_data!G58) | P66: =IF(E66="","",IFERROR(O66/K66,"-")) | Q66: =IF(F66="","",raw_data!H58) | R66: =IF(F66="","",IFERROR(Q66/L66,"-")) | S66: =IF(E66="","",IF(OR(NOT(ISNUMBER(N66)),N66<=(1-E66)),"erfüllt",IF(G66="Fehler","mit Fehler",IF(G66="Warnung","mit Warnung",""))))
A67: 11032b | B67: Knoten | C67: Zustandserhebung_Jahr | D67: not unbekannt | I67: Anlagenkataster | J67: =IF(E67="","",raw_data!C59) | K67: =IF(E67="","",raw_data!D59) | L67: =IF(F67="","",raw_data!E59) | M67: =IF(E67="","",raw_data!F59) | N67: =IF(E67="","",IFERROR(M67/J67,"-")) | O67: =IF(E67="","",raw_data!G59) | P67: =IF(E67="","",IFERROR(O67/K67,"-")) | Q67: =IF(F67="","",raw_data!H59) | R67: =IF(F67="","",IFERROR(Q67/L67,"-")) | S67: =IF(E67="","",IF(OR(NOT(ISNUMBER(N67)),N67<=(1-E67)),"erfüllt",IF(G67="Fehler","mit Fehler",IF(G67="Warnung","mit Warnung",""))))
A68: 11033a | B68: Knoten | C68: Zustandsnote (nur 2020.1) | I68: Anlagenkataster | J68: =IF(E68="","",raw_data!C60) | K68: =IF(E68="","",raw_data!D60) | L68: =IF(F68="","",raw_data!E60) | M68: =IF(E68="","",raw_data!F60) | N68: =IF(E68="","",IFERROR(M68/J68,"-")) | O68: =IF(E68="","",raw_data!G60) | P68: =IF(E68="","",IFERROR(O68/K68,"-")) | Q68: =IF(F68="","",raw_data!H60) | R68: =IF(F68="","",IFERROR(Q68/L68,"-")) | S68: =IF(E68="","",IF(OR(NOT(ISNUMBER(N68)),N68<=(1-E68)),"erfüllt",IF(G68="Fehler","mit Fehler",IF(G68="Warnung","mit Warnung",""))))
A69: 11033b | B69: Knoten | C69: Zustandsnote (nur 2020.1) | D69: not unbekannt | I69: Anlagenkataster | J69: =IF(E69="","",raw_data!C61) | K69: =IF(E69="","",raw_data!D61) | L69: =IF(F69="","",raw_data!E61) | M69: =IF(E69="","",raw_data!F61) | N69: =IF(E69="","",IFERROR(M69/J69,"-")) | O69: =IF(E69="","",raw_data!G61) | P69: =IF(E69="","",IFERROR(O69/K69,"-")) | Q69: =IF(F69="","",raw_data!H61) | R69: =IF(F69="","",IFERROR(Q69/L69,"-")) | S69: =IF(E69="","",IF(OR(NOT(ISNUMBER(N69)),N69<=(1-E69)),"erfüllt",IF(G69="Fehler","mit Fehler",IF(G69="Warnung","mit Warnung",""))))
A70: 12001a | B70: Leitung | C70: Status | E70: 0.9 | F70: 0.9 | G70: Fehler | H70: Fehler | I70: Anlagenkataster | J70: =IF(E70="","",raw_data!C62) -> 0 | K70: =IF(E70="","",raw_data!D62) -> 0 | L70: =IF(F70="","",raw_data!E62) -> 0 | M70: =IF(E70="","",raw_data!F62) -> 0 | N70: =IF(E70="","",IFERROR(M70/J70,"-")) -> - | O70: =IF(E70="","",raw_data!G62) -> 0 | P70: =IF(E70="","",IFERROR(O70/K70,"-")) -> - | Q70: =IF(F70="","",raw_data!H62) -> 0 | R70: =IF(F70="","",IFERROR(Q70/L70,"-")) -> - | S70: =IF(E70="","",IF(OR(NOT(ISNUMBER(N70)),N70<=(1-E70)),"erfüllt",IF(G70="Fehler","mit Fehler",IF(G70="Warnung","mit Warnung","")))) -> erfüllt
A71: 12001b | B71: Leitung | C71: Status | D71: not unbekannt | I71: Anlagenkataster | J71: =IF(E71="","",raw_data!C63) | K71: =IF(E71="","",raw_data!D63) | L71: =IF(F71="","",raw_data!E63) | M71: =IF(E71="","",raw_data!F63) | N71: =IF(E71="","",IFERROR(M71/J71,"-")) | O71: =IF(E71="","",raw_data!G63) | P71: =IF(E71="","",IFERROR(O71/K71,"-")) | Q71: =IF(F71="","",raw_data!H63) | R71: =IF(F71="","",IFERROR(Q71/L71,"-")) | S71: =IF(E71="","",IF(OR(NOT(ISNUMBER(N71)),N71<=(1-E71)),"erfüllt",IF(G71="Fehler","mit Fehler",IF(G71="Warnung","mit Warnung",""))))
A72: 12002a | B72: Leitung | C72: Baujahr | I72: Anlagenkataster | J72: =IF(E72="","",raw_data!C64) | K72: =IF(E72="","",raw_data!D64) | L72: =IF(F72="","",raw_data!E64) | M72: =IF(E72="","",raw_data!F64) | N72: =IF(E72="","",IFERROR(M72/J72,"-")) | O72: =IF(E72="","",raw_data!G64) | P72: =IF(E72="","",IFERROR(O72/K72,"-")) | Q72: =IF(F72="","",raw_data!H64) | R72: =IF(F72="","",IFERROR(Q72/L72,"-")) | S72: =IF(E72="","",IF(OR(NOT(ISNUMBER(N72)),N72<=(1-E72)),"erfüllt",IF(G72="Fehler","mit Fehler",IF(G72="Warnung","mit Warnung",""))))
A73: 12002b | B73: Leitung | C73: Baujahr | D73: not 1800 | I73: Anlagenkataster | J73: =IF(E73="","",raw_data!C65) | K73: =IF(E73="","",raw_data!D65) | L73: =IF(F73="","",raw_data!E65) | M73: =IF(E73="","",raw_data!F65) | N73: =IF(E73="","",IFERROR(M73/J73,"-")) | O73: =IF(E73="","",raw_data!G65) | P73: =IF(E73="","",IFERROR(O73/K73,"-")) | Q73: =IF(F73="","",raw_data!H65) | R73: =IF(F73="","",IFERROR(Q73/L73,"-")) | S73: =IF(E73="","",IF(OR(NOT(ISNUMBER(N73)),N73<=(1-E73)),"erfüllt",IF(G73="Fehler","mit Fehler",IF(G73="Warnung","mit Warnung",""))))
A74: 12003a | B74: Leitung | C74: Baulicherzustand | I74: Z-S-U | J74: =IF(E74="","",raw_data!C66) | K74: =IF(E74="","",raw_data!D66) | L74: =IF(F74="","",raw_data!E66) | M74: =IF(E74="","",raw_data!F66) | N74: =IF(E74="","",IFERROR(M74/J74,"-")) | O74: =IF(E74="","",raw_data!G66) | P74: =IF(E74="","",IFERROR(O74/K74,"-")) | Q74: =IF(F74="","",raw_data!H66) | R74: =IF(F74="","",IFERROR(Q74/L74,"-")) | S74: =IF(E74="","",IF(OR(NOT(ISNUMBER(N74)),N74<=(1-E74)),"erfüllt",IF(G74="Fehler","mit Fehler",IF(G74="Warnung","mit Warnung",""))))
A75: 12003b | B75: Leitung | C75: Baulicherzustand | D75: not unbekannt | I75: Z-S-U | J75: =IF(E75="","",raw_data!C67) | K75: =IF(E75="","",raw_data!D67) | L75: =IF(F75="","",raw_data!E67) | M75: =IF(E75="","",raw_data!F67) | N75: =IF(E75="","",IFERROR(M75/J75,"-")) | O75: =IF(E75="","",raw_data!G67) | P75: =IF(E75="","",IFERROR(O75/K75,"-")) | Q75: =IF(F75="","",raw_data!H67) | R75: =IF(F75="","",IFERROR(Q75/L75,"-")) | S75: =IF(E75="","",IF(OR(NOT(ISNUMBER(N75)),N75<=(1-E75)),"erfüllt",IF(G75="Fehler","mit Fehler",IF(G75="Warnung","mit Warnung",""))))
A76: 12004 | B76: Leitung | C76: Bemerkung | I76: Anlagenkataster | J76: =IF(E76="","",raw_data!C68) | K76: =IF(E76="","",raw_data!D68) | L76: =IF(F76="","",raw_data!E68) | M76: =IF(E76="","",raw_data!F68) | N76: =IF(E76="","",IFERROR(M76/J76,"-")) | O76: =IF(E76="","",raw_data!G68) | P76: =IF(E76="","",IFERROR(O76/K76,"-")) | Q76: =IF(F76="","",raw_data!H68) | R76: =IF(F76="","",IFERROR(Q76/L76,"-")) | S76: =IF(E76="","",IF(OR(NOT(ISNUMBER(N76)),N76<=(1-E76)),"erfüllt",IF(G76="Fehler","mit Fehler",IF(G76="Warnung","mit Warnung",""))))
A77: 12005 | B77: Leitung | C77: Betreiberref | I77: Anlagenkataster | J77: =IF(E77="","",raw_data!C69) | K77: =IF(E77="","",raw_data!D69) | L77: =IF(F77="","",raw_data!E69) | M77: =IF(E77="","",raw_data!F69) | N77: =IF(E77="","",IFERROR(M77/J77,"-")) | O77: =IF(E77="","",raw_data!G69) | P77: =IF(E77="","",IFERROR(O77/K77,"-")) | Q77: =IF(F77="","",raw_data!H69) | R77: =IF(F77="","",IFERROR(Q77/L77,"-")) | S77: =IF(E77="","",IF(OR(NOT(ISNUMBER(N77)),N77<=(1-E77)),"erfüllt",IF(G77="Fehler","mit Fehler",IF(G77="Warnung","mit Warnung",""))))
A78: 12006a | B78: Leitung | C78: Bezeichnung | I78: Anlagenkataster | J78: =IF(E78="","",raw_data!C70) | K78: =IF(E78="","",raw_data!D70) | L78: =IF(F78="","",raw_data!E70) | M78: =IF(E78="","",raw_data!F70) | N78: =IF(E78="","",IFERROR(M78/J78,"-")) | O78: =IF(E78="","",raw_data!G70) | P78: =IF(E78="","",IFERROR(O78/K78,"-")) | Q78: =IF(F78="","",raw_data!H70) | R78: =IF(F78="","",IFERROR(Q78/L78,"-")) | S78: =IF(E78="","",IF(OR(NOT(ISNUMBER(N78)),N78<=(1-E78)),"erfüllt",IF(G78="Fehler","mit Fehler",IF(G78="Warnung","mit Warnung",""))))
A79: 12006b | B79: Leitung | C79: Bezeichnung | D79: eindeutig | E79: 1 | G79: Fehler | I79: Anlagenkataster | J79: =IF(E79="","",raw_data!C71) -> 0 | K79: =IF(E79="","",raw_data!D71) -> 0 | L79: =IF(F79="","",raw_data!E71) | M79: =IF(E79="","",raw_data!F71) -> 0 | N79: =IF(E79="","",IFERROR(M79/J79,"-")) -> - | O79: =IF(E79="","",raw_data!G71) -> 0 | P79: =IF(E79="","",IFERROR(O79/K79,"-")) -> - | Q79: =IF(F79="","",raw_data!H71) | R79: =IF(F79="","",IFERROR(Q79/L79,"-")) | S79: =IF(E79="","",IF(OR(NOT(ISNUMBER(N79)),N79<=(1-E79)),"erfüllt",IF(G79="Fehler","mit Fehler",IF(G79="Warnung","mit Warnung","")))) -> erfüllt
A80: 12007 | B80: Leitung | C80: Datenherrref | I80: Anlagenkataster | J80: =IF(E80="","",raw_data!C72) | K80: =IF(E80="","",raw_data!D72) | L80: =IF(F80="","",raw_data!E72) | M80: =IF(E80="","",raw_data!F72) | N80: =IF(E80="","",IFERROR(M80/J80,"-")) | O80: =IF(E80="","",raw_data!G72) | P80: =IF(E80="","",IFERROR(O80/K80,"-")) | Q80: =IF(F80="","",raw_data!H72) | R80: =IF(F80="","",IFERROR(Q80/L80,"-")) | S80: =IF(E80="","",IF(OR(NOT(ISNUMBER(N80)),N80<=(1-E80)),"erfüllt",IF(G80="Fehler","mit Fehler",IF(G80="Warnung","mit Warnung",""))))
A81: 12008 | B81: Leitung | C81: Datenlieferantref | I81: Anlagenkataster | J81: =IF(E81="","",raw_data!C73) | K81: =IF(E81="","",raw_data!D73) | L81: =IF(F81="","",raw_data!E73) | M81: =IF(E81="","",raw_data!F73) | N81: =IF(E81="","",IFERROR(M81/J81,"-")) | O81: =IF(E81="","",raw_data!G73) | P81: =IF(E81="","",IFERROR(O81/K81,"-")) | Q81: =IF(F81="","",raw_data!H73) | R81: =IF(F81="","",IFERROR(Q81/L81,"-")) | S81: =IF(E81="","",IF(OR(NOT(ISNUMBER(N81)),N81<=(1-E81)),"erfüllt",IF(G81="Fehler","mit Fehler",IF(G81="Warnung","mit Warnung",""))))
A82: 12009 | B82: Leitung | C82: Dringlichkeitszahl (nur 2020.1) | I82: Anlagenkataster | J82: =IF(E82="","",raw_data!C74) | K82: =IF(E82="","",raw_data!D74) | L82: =IF(F82="","",raw_data!E74) | M82: =IF(E82="","",raw_data!F74) | N82: =IF(E82="","",IFERROR(M82/J82,"-")) | O82: =IF(E82="","",raw_data!G74) | P82: =IF(E82="","",IFERROR(O82/K82,"-")) | Q82: =IF(F82="","",raw_data!H74) | R82: =IF(F82="","",IFERROR(Q82/L82,"-")) | S82: =IF(E82="","",IF(OR(NOT(ISNUMBER(N82)),N82<=(1-E82)),"erfüllt",IF(G82="Fehler","mit Fehler",IF(G82="Warnung","mit Warnung",""))))
A83: 12010 | B83: Leitung | C83: Eigentuemerref | E83: 1 | F83: 1 | G83: Fehler | H83: Fehler | I83: Anlagenkataster | J83: =IF(E83="","",raw_data!C75) -> 0 | K83: =IF(E83="","",raw_data!D75) -> 0 | L83: =IF(F83="","",raw_data!E75) -> 0 | M83: =IF(E83="","",raw_data!F75) -> 0 | N83: =IF(E83="","",IFERROR(M83/J83,"-")) -> - | O83: =IF(E83="","",raw_data!G75) -> 0 | P83: =IF(E83="","",IFERROR(O83/K83,"-")) -> - | Q83: =IF(F83="","",raw_data!H75) -> 0 | R83: =IF(F83="","",IFERROR(Q83/L83,"-")) -> - | S83: =IF(E83="","",IF(OR(NOT(ISNUMBER(N83)),N83<=(1-E83)),"erfüllt",IF(G83="Fehler","mit Fehler",IF(G83="Warnung","mit Warnung","")))) -> erfüllt
A84: 12011a | B84: Leitung | C84: Finanzierung | E84: 0.8 | F84: 0.8 | G84: Fehler | H84: Fehler | I84: Anlagenkataster | J84: =IF(E84="","",raw_data!C76) -> 0 | K84: =IF(E84="","",raw_data!D76) -> 0 | L84: =IF(F84="","",raw_data!E76) -> 0 | M84: =IF(E84="","",raw_data!F76) -> 0 | N84: =IF(E84="","",IFERROR(M84/J84,"-")) -> - | O84: =IF(E84="","",raw_data!G76) -> 0 | P84: =IF(E84="","",IFERROR(O84/K84,"-")) -> - | Q84: =IF(F84="","",raw_data!H76) -> 0 | R84: =IF(F84="","",IFERROR(Q84/L84,"-")) -> - | S84: =IF(E84="","",IF(OR(NOT(ISNUMBER(N84)),N84<=(1-E84)),"erfüllt",IF(G84="Fehler","mit Fehler",IF(G84="Warnung","mit Warnung","")))) -> erfüllt
A85: 12011b | B85: Leitung | C85: Finanzierung | D85: not unbekannt | I85: Anlagenkataster | J85: =IF(E85="","",raw_data!C77) | K85: =IF(E85="","",raw_data!D77) | L85: =IF(F85="","",raw_data!E77) | M85: =IF(E85="","",raw_data!F77) | N85: =IF(E85="","",IFERROR(M85/J85,"-")) | O85: =IF(E85="","",raw_data!G77) | P85: =IF(E85="","",IFERROR(O85/K85,"-")) | Q85: =IF(F85="","",raw_data!H77) | R85: =IF(F85="","",IFERROR(Q85/L85,"-")) | S85: =IF(E85="","",IF(OR(NOT(ISNUMBER(N85)),N85<=(1-E85)),"erfüllt",IF(G85="Fehler","mit Fehler",IF(G85="Warnung","mit Warnung",""))))
A86: 12012a | B86: Leitung | C86: Funktionhierarchisch | E86: 1 | F86: 1 | G86: Fehler | H86: Fehler | I86: Anlagenkataster | J86: =IF(E86="","",raw_data!C78) -> 0 | K86: =IF(E86="","",raw_data!D78) -> 0 | L86: =IF(F86="","",raw_data!E78) -> 0 | M86: =IF(E86="","",raw_data!F78) -> 0 | N86: =IF(E86="","",IFERROR(M86/J86,"-")) -> - | O86: =IF(E86="","",raw_data!G78) -> 0 | P86: =IF(E86="","",IFERROR(O86/K86,"-")) -> - | Q86: =IF(F86="","",raw_data!H78) -> 0 | R86: =IF(F86="","",IFERROR(Q86/L86,"-")) -> - | S86: =IF(E86="","",IF(OR(NOT(ISNUMBER(N86)),N86<=(1-E86)),"erfüllt",IF(G86="Fehler","mit Fehler",IF(G86="Warnung","mit Warnung","")))) -> erfüllt
A87: 12012b | B87: Leitung | C87: Funktionhierarchisch | D87: not unbekannt | I87: Anlagenkataster | J87: =IF(E87="","",raw_data!C79) | K87: =IF(E87="","",raw_data!D79) | L87: =IF(F87="","",raw_data!E79) | M87: =IF(E87="","",raw_data!F79) | N87: =IF(E87="","",IFERROR(M87/J87,"-")) | O87: =IF(E87="","",raw_data!G79) | P87: =IF(E87="","",IFERROR(O87/K87,"-")) | Q87: =IF(F87="","",raw_data!H79) | R87: =IF(F87="","",IFERROR(Q87/L87,"-")) | S87: =IF(E87="","",IF(OR(NOT(ISNUMBER(N87)),N87<=(1-E87)),"erfüllt",IF(G87="Fehler","mit Fehler",IF(G87="Warnung","mit Warnung",""))))
A88: 12013a | B88: Leitung | C88: Funktionhydraulisch | E88: 1 | F88: 1 | G88: Fehler | H88: Fehler | I88: Anlagenkataster | J88: =IF(E88="","",raw_data!C80) -> 0 | K88: =IF(E88="","",raw_data!D80) -> 0 | L88: =IF(F88="","",raw_data!E80) -> 0 | M88: =IF(E88="","",raw_data!F80) -> 0 | N88: =IF(E88="","",IFERROR(M88/J88,"-")) -> - | O88: =IF(E88="","",raw_data!G80) -> 0 | P88: =IF(E88="","",IFERROR(O88/K88,"-")) -> - | Q88: =IF(F88="","",raw_data!H80) -> 0 | R88: =IF(F88="","",IFERROR(Q88/L88,"-")) -> - | S88: =IF(E88="","",IF(OR(NOT(ISNUMBER(N88)),N88<=(1-E88)),"erfüllt",IF(G88="Fehler","mit Fehler",IF(G88="Warnung","mit Warnung","")))) -> erfüllt
A89: 12013b | B89: Leitung | C89: Funktionhydraulisch | D89: not unbekannt | I89: Anlagenkataster | J89: =IF(E89="","",raw_data!C81) | K89: =IF(E89="","",raw_data!D81) | L89: =IF(F89="","",raw_data!E81) | M89: =IF(E89="","",raw_data!F81) | N89: =IF(E89="","",IFERROR(M89/J89,"-")) | O89: =IF(E89="","",raw_data!G81) | P89: =IF(E89="","",IFERROR(O89/K89,"-")) | Q89: =IF(F89="","",raw_data!H81) | R89: =IF(F89="","",IFERROR(Q89/L89,"-")) | S89: =IF(E89="","",IF(OR(NOT(ISNUMBER(N89)),N89<=(1-E89)),"erfüllt",IF(G89="Fehler","mit Fehler",IF(G89="Warnung","mit Warnung",""))))
A90: 12014 | B90: Leitung | C90: Hoehengenauigkeit_Nach | I90: Anlagenkataster | J90: =IF(E90="","",raw_data!C82) | K90: =IF(E90="","",raw_data!D82) | L90: =IF(F90="","",raw_data!E82) | M90: =IF(E90="","",raw_data!F82) | N90: =IF(E90="","",IFERROR(M90/J90,"-")) | O90: =IF(E90="","",raw_data!G82) | P90: =IF(E90="","",IFERROR(O90/K90,"-")) | Q90: =IF(F90="","",raw_data!H82) | R90: =IF(F90="","",IFERROR(Q90/L90,"-")) | S90: =IF(E90="","",IF(OR(NOT(ISNUMBER(N90)),N90<=(1-E90)),"erfüllt",IF(G90="Fehler","mit Fehler",IF(G90="Warnung","mit Warnung",""))))
A91: 12015 | B91: Leitung | C91: Hoehengenauigkeit_Von | I91: Anlagenkataster | J91: =IF(E91="","",raw_data!C83) | K91: =IF(E91="","",raw_data!D83) | L91: =IF(F91="","",raw_data!E83) | M91: =IF(E91="","",raw_data!F83) | N91: =IF(E91="","",IFERROR(M91/J91,"-")) | O91: =IF(E91="","",raw_data!G83) | P91: =IF(E91="","",IFERROR(O91/K91,"-")) | Q91: =IF(F91="","",raw_data!H83) | R91: =IF(F91="","",IFERROR(Q91/L91,"-")) | S91: =IF(E91="","",IF(OR(NOT(ISNUMBER(N91)),N91<=(1-E91)),"erfüllt",IF(G91="Fehler","mit Fehler",IF(G91="Warnung","mit Warnung",""))))
A92: 12016 | B92: Leitung | C92: Hydr_Belastung_Ist | I92: Entwässerungskonzept | J92: =IF(E92="","",raw_data!C84) | K92: =IF(E92="","",raw_data!D84) | L92: =IF(F92="","",raw_data!E84) | M92: =IF(E92="","",raw_data!F84) | N92: =IF(E92="","",IFERROR(M92/J92,"-")) | O92: =IF(E92="","",raw_data!G84) | P92: =IF(E92="","",IFERROR(O92/K92,"-")) | Q92: =IF(F92="","",raw_data!H84) | R92: =IF(F92="","",IFERROR(Q92/L92,"-")) | S92: =IF(E92="","",IF(OR(NOT(ISNUMBER(N92)),N92<=(1-E92)),"erfüllt",IF(G92="Fehler","mit Fehler",IF(G92="Warnung","mit Warnung",""))))
A93: 12017 | B93: Leitung | C93: Knoten_Nachref | E93: 1 | G93: Fehler | I93: Anlagenkataster | J93: =IF(E93="","",raw_data!C85) -> 0 | K93: =IF(E93="","",raw_data!D85) -> 0 | L93: =IF(F93="","",raw_data!E85) | M93: =IF(E93="","",raw_data!F85) -> 0 | N93: =IF(E93="","",IFERROR(M93/J93,"-")) -> - | O93: =IF(E93="","",raw_data!G85) -> 0 | P93: =IF(E93="","",IFERROR(O93/K93,"-")) -> - | Q93: =IF(F93="","",raw_data!H85) | R93: =IF(F93="","",IFERROR(Q93/L93,"-")) | S93: =IF(E93="","",IF(OR(NOT(ISNUMBER(N93)),N93<=(1-E93)),"erfüllt",IF(G93="Fehler","mit Fehler",IF(G93="Warnung","mit Warnung","")))) -> erfüllt
A94: 12018 | B94: Leitung | C94: Knoten_Vonref | E94: 1 | G94: Fehler | I94: Anlagenkataster | J94: =IF(E94="","",raw_data!C86) -> 0 | K94: =IF(E94="","",raw_data!D86) -> 0 | L94: =IF(F94="","",raw_data!E86) | M94: =IF(E94="","",raw_data!F86) -> 0 | N94: =IF(E94="","",IFERROR(M94/J94,"-")) -> - | O94: =IF(E94="","",raw_data!G86) -> 0 | P94: =IF(E94="","",IFERROR(O94/K94,"-")) -> - | Q94: =IF(F94="","",raw_data!H86) | R94: =IF(F94="","",IFERROR(Q94/L94,"-")) | S94: =IF(E94="","",IF(OR(NOT(ISNUMBER(N94)),N94<=(1-E94)),"erfüllt",IF(G94="Fehler","mit Fehler",IF(G94="Warnung","mit Warnung","")))) -> erfüllt
A95: 12019 | B95: Leitung | C95: Kote_Nach | I95: Anlagenkataster | J95: =IF(E95="","",raw_data!C87) | K95: =IF(E95="","",raw_data!D87) | L95: =IF(F95="","",raw_data!E87) | M95: =IF(E95="","",raw_data!F87) | N95: =IF(E95="","",IFERROR(M95/J95,"-")) | O95: =IF(E95="","",raw_data!G87) | P95: =IF(E95="","",IFERROR(O95/K95,"-")) | Q95: =IF(F95="","",raw_data!H87) | R95: =IF(F95="","",IFERROR(Q95/L95,"-")) | S95: =IF(E95="","",IF(OR(NOT(ISNUMBER(N95)),N95<=(1-E95)),"erfüllt",IF(G95="Fehler","mit Fehler",IF(G95="Warnung","mit Warnung",""))))
A96: 12020 | B96: Leitung | C96: Kote_Von | I96: Anlagenkataster | J96: =IF(E96="","",raw_data!C88) | K96: =IF(E96="","",raw_data!D88) | L96: =IF(F96="","",raw_data!E88) | M96: =IF(E96="","",raw_data!F88) | N96: =IF(E96="","",IFERROR(M96/J96,"-")) | O96: =IF(E96="","",raw_data!G88) | P96: =IF(E96="","",IFERROR(O96/K96,"-")) | Q96: =IF(F96="","",raw_data!H88) | R96: =IF(F96="","",IFERROR(Q96/L96,"-")) | S96: =IF(E96="","",IF(OR(NOT(ISNUMBER(N96)),N96<=(1-E96)),"erfüllt",IF(G96="Fehler","mit Fehler",IF(G96="Warnung","mit Warnung",""))))
A97: 12021 | B97: Leitung | C97: Laengeeffektiv | I97: Anlagenkataster | J97: =IF(E97="","",raw_data!C89) | K97: =IF(E97="","",raw_data!D89) | L97: =IF(F97="","",raw_data!E89) | M97: =IF(E97="","",raw_data!F89) | N97: =IF(E97="","",IFERROR(M97/J97,"-")) | O97: =IF(E97="","",raw_data!G89) | P97: =IF(E97="","",IFERROR(O97/K97,"-")) | Q97: =IF(F97="","",raw_data!H89) | R97: =IF(F97="","",IFERROR(Q97/L97,"-")) | S97: =IF(E97="","",IF(OR(NOT(ISNUMBER(N97)),N97<=(1-E97)),"erfüllt",IF(G97="Fehler","mit Fehler",IF(G97="Warnung","mit Warnung",""))))
A98: 12022 | B98: Leitung | C98: Lagebestimmung | I98: Anlagenkataster | J98: =IF(E98="","",raw_data!C90) | K98: =IF(E98="","",raw_data!D90) | L98: =IF(F98="","",raw_data!E90) | M98: =IF(E98="","",raw_data!F90) | N98: =IF(E98="","",IFERROR(M98/J98,"-")) | O98: =IF(E98="","",raw_data!G90) | P98: =IF(E98="","",IFERROR(O98/K98,"-")) | Q98: =IF(F98="","",raw_data!H90) | R98: =IF(F98="","",IFERROR(Q98/L98,"-")) | S98: =IF(E98="","",IF(OR(NOT(ISNUMBER(N98)),N98<=(1-E98)),"erfüllt",IF(G98="Fehler","mit Fehler",IF(G98="Warnung","mit Warnung",""))))
A99: 12023a | B99: Leitung | C99: Leckschutz | I99: Anlagenkataster | J99: =IF(E99="","",raw_data!C91) | K99: =IF(E99="","",raw_data!D91) | L99: =IF(F99="","",raw_data!E91) | M99: =IF(E99="","",raw_data!F91) | N99: =IF(E99="","",IFERROR(M99/J99,"-")) | O99: =IF(E99="","",raw_data!G91) | P99: =IF(E99="","",IFERROR(O99/K99,"-")) | Q99: =IF(F99="","",raw_data!H91) | R99: =IF(F99="","",IFERROR(Q99/L99,"-")) | S99: =IF(E99="","",IF(OR(NOT(ISNUMBER(N99)),N99<=(1-E99)),"erfüllt",IF(G99="Fehler","mit Fehler",IF(G99="Warnung","mit Warnung",""))))
A100: 12023b | B100: Leitung | C100: Leckschutz | D100: not unbekannt | I100: Anlagenkataster | J100: =IF(E100="","",raw_data!C92) | K100: =IF(E100="","",raw_data!D92) | L100: =IF(F100="","",raw_data!E92) | M100: =IF(E100="","",raw_data!F92) | N100: =IF(E100="","",IFERROR(M100/J100,"-")) | O100: =IF(E100="","",raw_data!G92) | P100: =IF(E100="","",IFERROR(O100/K100,"-")) | Q100: =IF(F100="","",raw_data!H92) | R100: =IF(F100="","",IFERROR(Q100/L100,"-")) | S100: =IF(E100="","",IF(OR(NOT(ISNUMBER(N100)),N100<=(1-E100)),"erfüllt",IF(G100="Fehler","mit Fehler",IF(G100="Warnung","mit Warnung",""))))
A101: 12024 | B101: Leitung | C101: Leitung_Nachref | I101: Anlagenkataster | J101: =IF(E101="","",raw_data!C93) | K101: =IF(E101="","",raw_data!D93) | L101: =IF(F101="","",raw_data!E93) | M101: =IF(E101="","",raw_data!F93) | N101: =IF(E101="","",IFERROR(M101/J101,"-")) | O101: =IF(E101="","",raw_data!G93) | P101: =IF(E101="","",IFERROR(O101/K101,"-")) | Q101: =IF(F101="","",raw_data!H93) | R101: =IF(F101="","",IFERROR(Q101/L101,"-")) | S101: =IF(E101="","",IF(OR(NOT(ISNUMBER(N101)),N101<=(1-E101)),"erfüllt",IF(G101="Fehler","mit Fehler",IF(G101="Warnung","mit Warnung",""))))
A102: 12025 | B102: Leitung | C102: Letzte_Aenderung | I102: Anlagenkataster | J102: =IF(E102="","",raw_data!C94) | K102: =IF(E102="","",raw_data!D94) | L102: =IF(F102="","",raw_data!E94) | M102: =IF(E102="","",raw_data!F94) | N102: =IF(E102="","",IFERROR(M102/J102,"-")) | O102: =IF(E102="","",raw_data!G94) | P102: =IF(E102="","",IFERROR(O102/K102,"-")) | Q102: =IF(F102="","",raw_data!H94) | R102: =IF(F102="","",IFERROR(Q102/L102,"-")) | S102: =IF(E102="","",IF(OR(NOT(ISNUMBER(N102)),N102<=(1-E102)),"erfüllt",IF(G102="Fehler","mit Fehler",IF(G102="Warnung","mit Warnung",""))))
...

Sheet Validierung_Teststufe_2
A1: Pflichtattribute VSA-DSS-Mini | D1: Version VSA Checker Analytics
E4: Teststufe 2
E5: Abgabe GEP | G5: Fehlerkategorie
E6: (%) Minimalanforderung | G6: (Fehler/Warnung) | J6: Objekte Total | K6: Objekte Total PAA | L6: Objekte Total SAA | M6: Fehler gefunden | O6: Fehler gefunden | Q6: Fehler gefunden | S6: Resultat
M7: Total | O7: PAA Objekte mit Wert "NULL" | Q7: SAA Objekte mit Wert "NULL" | S7: Fehlerkategorie + Anteil
A8: Prüfregel | B8: Klasse | C8: Attribut | D8: Constraints Wertebereich PAA/SAA AWA/AfU | E8: PAA | F8: SAA | G8: PAA | H8: SAA | I8: Relevant für Teilprojekt | J8: [Anzahl] | K8: [Anzahl] | L8: [Anzahl] | M8: [Anzahl] | N8: [Anteil in %] | O8: [Anzahl] | P8: [Anteil in %] | Q8: [Anzahl] | R8: [Anteil in %]
A9: 10001a | B9: ALR | C9: Beseitigung_Ist | E9: 0.95 | G9: Warnung | I9: ALR | J9: =IF(E9="","",raw_data!C1) -> 0 | K9: =IF(E27="","",raw_data!F17) | M9: =IF(E9="","",raw_data!F1) -> 0 | N9: =IF(E9="","",IFERROR(M9/J9,"-")) -> - | O9: =IF(E27="","",raw_data!G17) | S9: =IF(E9="","",IF(OR(NOT(ISNUMBER(N9)),N9<=(1-E9)),"erfüllt",IF(G9="Fehler","mit Fehler",IF(G9="Warnung","mit Warnung","")))) -> erfüllt
A10: 10001b | B10: ALR | C10: Beseitigung_Ist | D10: not unbekannt | E10: 0.5 | G10: Warnung | I10: ALR | J10: =IF(E10="","",raw_data!C2) -> 0 | M10: =IF(E10="","",raw_data!F2) -> 0 | N10: =IF(E10="","",IFERROR(M10/J10,"-")) -> - | S10: =IF(E10="","",IF(OR(NOT(ISNUMBER(N10)),N10<=(1-E10)),"erfüllt",IF(G10="Fehler","mit Fehler",IF(G10="Warnung","mit Warnung","")))) -> erfüllt
A11: 10002 | B11: ALR | C11: Bezeichnung | E11: 1 | G11: Fehler | I11: ALR | J11: =IF(E11="","",raw_data!C3) -> 0 | M11: =IF(E11="","",raw_data!F3) -> 0 | N11: =IF(E11="","",IFERROR(M11/J11,"-")) -> - | S11: =IF(E11="","",IF(OR(NOT(ISNUMBER(N11)),N11<=(1-E11)),"erfüllt",IF(G11="Fehler","mit Fehler",IF(G11="Warnung","mit Warnung","")))) -> erfüllt
A12: 10003 | B12: ALR | C12: Datenherrref | E12: 1 | G12: Warnung | I12: ALR | J12: =IF(E12="","",raw_data!C4) -> 0 | M12: =IF(E12="","",raw_data!F4) -> 0 | N12: =IF(E12="","",IFERROR(M12/J12,"-")) -> - | S12: =IF(E12="","",IF(OR(NOT(ISNUMBER(N12)),N12<=(1-E12)),"erfüllt",IF(G12="Fehler","mit Fehler",IF(G12="Warnung","mit Warnung","")))) -> erfüllt
A13: 10004 | B13: ALR | C13: Datenlieferantref | E13: 1 | G13: Fehler | I13: ALR | J13: =IF(E13="","",raw_data!C5) -> 0 | M13: =IF(E13="","",raw_data!F5) -> 0 | N13: =IF(E13="","",IFERROR(M13/J13,"-")) -> - | S13: =IF(E13="","",IF(OR(NOT(ISNUMBER(N13)),N13<=(1-E13)),"erfüllt",IF(G13="Fehler","mit Fehler",IF(G13="Warnung","mit Warnung","")))) -> erfüllt
A14: 10005 | B14: ALR | C14: Einwohnerwerte | E14: 1 | G14: Warnung | I14: ALR | J14: =IF(E14="","",raw_data!C6) -> 0 | M14: =IF(E14="","",raw_data!F6) -> 0 | N14: =IF(E14="","",IFERROR(M14/J14,"-")) -> - | S14: =IF(E14="","",IF(OR(NOT(ISNUMBER(N14)),N14<=(1-E14)),"erfüllt",IF(G14="Fehler","mit Fehler",IF(G14="Warnung","mit Warnung","")))) -> erfüllt
A15: 10006 | B15: ALR | C15: Lage | E15: 1 | G15: Fehler | I15: ALR | J15: =IF(E15="","",raw_data!C7) -> 0 | M15: =IF(E15="","",raw_data!F7) -> 0 | N15: =IF(E15="","",IFERROR(M15/J15,"-")) -> - | S15: =IF(E15="","",IF(OR(NOT(ISNUMBER(N15)),N15<=(1-E15)),"erfüllt",IF(G15="Fehler","mit Fehler",IF(G15="Warnung","mit Warnung","")))) -> erfüllt
A16: 10007 | B16: ALR | C16: Letzte_Aenderung | I16: ALR | J16: =IF(E16="","",raw_data!C8) | M16: =IF(E16="","",raw_data!F8) | N16: =IF(E16="","",IFERROR(M16/J16,"-")) | S16: =IF(E16="","",IF(OR(NOT(ISNUMBER(N16)),N16<=(1-E16)),"erfüllt",IF(G16="Fehler","mit Fehler",IF(G16="Warnung","mit Warnung",""))))
A17: 10008 | B17: ALR | C17: Massnahmeref | I17: ALR | J17: =IF(E17="","",raw_data!C9) | M17: =IF(E17="","",raw_data!F9) | N17: =IF(E17="","",IFERROR(M17/J17,"-")) | S17: =IF(E17="","",IF(OR(NOT(ISNUMBER(N17)),N17<=(1-E17)),"erfüllt",IF(G17="Fehler","mit Fehler",IF(G17="Warnung","mit Warnung",""))))
A18: 10009 | B18: ALR | C18: Obj_Id_Entsorgung | I18: ALR | J18: =IF(E18="","",raw_data!C10) | M18: =IF(E18="","",raw_data!F10) | N18: =IF(E18="","",IFERROR(M18/J18,"-")) | S18: =IF(E18="","",IF(OR(NOT(ISNUMBER(N18)),N18<=(1-E18)),"erfüllt",IF(G18="Fehler","mit Fehler",IF(G18="Warnung","mit Warnung",""))))
A19: 10010 | B19: ALR | C19: Obj_Id_Entsorgung_Abwasserbauwerk | I19: ALR | J19: =IF(E19="","",raw_data!C11) | M19: =IF(E19="","",raw_data!F11) | N19: =IF(E19="","",IFERROR(M19/J19,"-")) | S19: =IF(E19="","",IF(OR(NOT(ISNUMBER(N19)),N19<=(1-E19)),"erfüllt",IF(G19="Fehler","mit Fehler",IF(G19="Warnung","mit Warnung",""))))
A20: 10011 | B20: ALR | C20: Obj_Id_Entsorgung_Einleitstelle | I20: ALR | J20: =IF(E20="","",raw_data!C12) | M20: =IF(E20="","",raw_data!F12) | N20: =IF(E20="","",IFERROR(M20/J20,"-")) | S20: =IF(E20="","",IF(OR(NOT(ISNUMBER(N20)),N20<=(1-E20)),"erfüllt",IF(G20="Fehler","mit Fehler",IF(G20="Warnung","mit Warnung",""))))
A21: 10012 | B21: ALR | C21: Obj_Id_Entsorgung_Versickerungsanlage | I21: ALR | J21: =IF(E21="","",raw_data!C13) | M21: =IF(E21="","",raw_data!F13) | N21: =IF(E21="","",IFERROR(M21/J21,"-")) | S21: =IF(E21="","",IF(OR(NOT(ISNUMBER(N21)),N21<=(1-E21)),"erfüllt",IF(G21="Fehler","mit Fehler",IF(G21="Warnung","mit Warnung",""))))
A22: 10013 | B22: ALR | C22: Obj_Id_Gebaeudegruppe_Entsorgung | I22: ALR | J22: =IF(E22="","",raw_data!C14) | M22: =IF(E22="","",raw_data!F14) | N22: =IF(E22="","",IFERROR(M22/J22,"-")) | S22: =IF(E22="","",IF(OR(NOT(ISNUMBER(N22)),N22<=(1-E22)),"erfüllt",IF(G22="Fehler","mit Fehler",IF(G22="Warnung","mit Warnung",""))))
A23: 10014 | B23: ALR | C23: OID | E23: 1 | G23: Fehler | I23: ALR | J23: =IF(E23="","",raw_data!C15) -> 0 | M23: =IF(E23="","",raw_data!F15) -> 0 | N23: =IF(E23="","",IFERROR(M23/J23,"-")) -> - | S23: =IF(E23="","",IF(OR(NOT(ISNUMBER(N23)),N23<=(1-E23)),"erfüllt",IF(G23="Fehler","mit Fehler",IF(G23="Warnung","mit Warnung","")))) -> erfüllt
A24: 10015a | B24: ALR | C24: Sanierungsbedarf | E24: 1 | G24: Warnung | I24: ALR | J24: =IF(E24="","",raw_data!C16) -> 0 | M24: =IF(E24="","",raw_data!F16) -> 0 | N24: =IF(E24="","",IFERROR(M24/J24,"-")) -> - | S24: =IF(E24="","",IF(OR(NOT(ISNUMBER(N24)),N24<=(1-E24)),"erfüllt",IF(G24="Fehler","mit Fehler",IF(G24="Warnung","mit Warnung","")))) -> erfüllt
A25: 10015b | B25: ALR | C25: Sanierungsbedarf | D25: not unbekannt | E25: 0.5 | G25: Warnung | I25: ALR | J25: =IF(E25="","",raw_data!C17) -> 0 | M25: =IF(E25="","",raw_data!F17) -> 0 | N25: =IF(E25="","",IFERROR(M25/J25,"-")) -> - | S25: =IF(E25="","",IF(OR(NOT(ISNUMBER(N25)),N25<=(1-E25)),"erfüllt",IF(G25="Fehler","mit Fehler",IF(G25="Warnung","mit Warnung","")))) -> erfüllt
A26: 10016 | B26: ALR | C26: Sanierungsdatum | I26: ALR | J26: =IF(E26="","",raw_data!C18) | M26: =IF(E26="","",raw_data!F18) | N26: =IF(E26="","",IFERROR(M26/J26,"-")) | S26: =IF(E26="","",IF(OR(NOT(ISNUMBER(N26)),N26<=(1-E26)),"erfüllt",IF(G26="Fehler","mit Fehler",IF(G26="Warnung","mit Warnung",""))))
A27: 10017 | B27: ALR | C27: Sanierungskonzept | I27: ALR | J27: =IF(E27="","",raw_data!C19) | M27: =IF(E27="","",raw_data!F19) | N27: =IF(E27="","",IFERROR(M27/J27,"-")) | S27: =IF(E27="","",IF(OR(NOT(ISNUMBER(N27)),N27<=(1-E27)),"erfüllt",IF(G27="Fehler","mit Fehler",IF(G27="Warnung","mit Warnung",""))))
A28: 11001 | B28: Knoten | C28: Ara_Nr | E28: 1 | F28: 1 | G28: Fehler | H28: Fehler | I28: Anlagenkataster | J28: =IF(E28="","",raw_data!C20) -> 0 | K28: =IF(E28="","",raw_data!D20) -> 0 | L28: =IF(F28="","",raw_data!E20) -> 0 | M28: =IF(E28="","",raw_data!F20) -> 0 | N28: =IF(E28="","",IFERROR(M28/J28,"-")) -> - | O28: =IF(E28="","",raw_data!G20) -> 0 | P28: =IF(E28="","",IFERROR(O28/K28,"-")) -> - | Q28: =IF(F28="","",raw_data!H20) -> 0 | R28: =IF(F28="","",IFERROR(Q28/L28,"-")) -> - | S28: =IF(E28="","",IF(OR(NOT(ISNUMBER(N28)),N28<=(1-E28)),"erfüllt",IF(G28="Fehler","mit Fehler",IF(G28="Warnung","mit Warnung","")))) -> erfüllt
A29: 11002a | B29: Knoten | C29: Status | E29: 1 | F29: 1 | G29: Fehler | H29: Fehler | I29: Anlagenkataster | J29: =IF(E29="","",raw_data!C21) -> 0 | K29: =IF(E29="","",raw_data!D21) -> 0 | L29: =IF(F29="","",raw_data!E21) -> 0 | M29: =IF(E29="","",raw_data!F21) -> 0 | N29: =IF(E29="","",IFERROR(M29/J29,"-")) -> - | O29: =IF(E29="","",raw_data!G21) -> 0 | P29: =IF(E29="","",IFERROR(O29/K29,"-")) -> - | Q29: =IF(F29="","",raw_data!H21) -> 0 | R29: =IF(F29="","",IFERROR(Q29/L29,"-")) -> - | S29: =IF(E29="","",IF(OR(NOT(ISNUMBER(N29)),N29<=(1-E29)),"erfüllt",IF(G29="Fehler","mit Fehler",IF(G29="Warnung","mit Warnung","")))) -> erfüllt
A30: 11002b | B30: Knoten | C30: Status | D30: not unbekannt | E30: 0.9 | F30: 0.5 | G30: Fehler | H30: Fehler | I30: Anlagenkataster | J30: =IF(E30="","",raw_data!C22) -> 0 | K30: =IF(E30="","",raw_data!D22) -> 0 | L30: =IF(F30="","",raw_data!E22) -> 0 | M30: =IF(E30="","",raw_data!F22) -> 0 | N30: =IF(E30="","",IFERROR(M30/J30,"-")) -> - | O30: =IF(E30="","",raw_data!G22) -> 0 | P30: =IF(E30="","",IFERROR(O30/K30,"-")) -> - | Q30: =IF(F30="","",raw_data!H22) -> 0 | R30: =IF(F30="","",IFERROR(Q30/L30,"-")) -> - | S30: =IF(E30="","",IF(OR(NOT(ISNUMBER(N30)),N30<=(1-E30)),"erfüllt",IF(G30="Fehler","mit Fehler",IF(G30="Warnung","mit Warnung","")))) -> erfüllt
A31: 11003 | B31: Knoten | C31: Baujahr | I31: Anlagenkataster | J31: =IF(E31="","",raw_data!C23) | K31: =IF(E31="","",raw_data!D23) | L31: =IF(F31="","",raw_data!E23) | M31: =IF(E31="","",raw_data!F23) | N31: =IF(E31="","",IFERROR(M31/J31,"-")) | O31: =IF(E31="","",raw_data!G23) | P31: =IF(E31="","",IFERROR(O31/K31,"-")) | Q31: =IF(F31="","",raw_data!H23) | R31: =IF(F31="","",IFERROR(Q31/L31,"-")) | S31: =IF(E31="","",IF(OR(NOT(ISNUMBER(N31)),N31<=(1-E31)),"erfüllt",IF(G31="Fehler","mit Fehler",IF(G31="Warnung","mit Warnung",""))))
A32: 11004a | B32: Knoten | C32: Baulicherzustand | E32: 1 | F32: 1 | G32: Fehler | H32: Fehler | I32: Z-S-U | J32: =IF(E32="","",raw_data!C24) -> 0 | K32: =IF(E32="","",raw_data!D24) -> 0 | L32: =IF(F32="","",raw_data!E24) -> 0 | M32: =IF(E32="","",raw_data!F24) -> 0 | N32: =IF(E32="","",IFERROR(M32/J32,"-")) -> - | O32: =IF(E32="","",raw_data!G24) -> 0 | P32: =IF(E32="","",IFERROR(O32/K32,"-")) -> - | Q32: =IF(F32="","",raw_data!H24) -> 0 | R32: =IF(F32="","",IFERROR(Q32/L32,"-")) -> - | S32: =IF(E32="","",IF(OR(NOT(ISNUMBER(N32)),N32<=(1-E32)),"erfüllt",IF(G32="Fehler","mit Fehler",IF(G32="Warnung","mit Warnung","")))) -> erfüllt
A33: 11004b | B33: Knoten | C33: Baulicherzustand | D33: not unbekannt | E33: 0.5 | G33: Fehler | I33: Z-S-U | J33: =IF(E33="","",raw_data!C25) -> 0 | K33: =IF(E33="","",raw_data!D25) -> 0 | L33: =IF(F33="","",raw_data!E25) | M33: =IF(E33="","",raw_data!F25) -> 0 | N33: =IF(E33="","",IFERROR(M33/J33,"-")) -> - | O33: =IF(E33="","",raw_data!G25) -> 0 | P33: =IF(E33="","",IFERROR(O33/K33,"-")) -> - | Q33: =IF(F33="","",raw_data!H25) | R33: =IF(F33="","",IFERROR(Q33/L33,"-")) | S33: =IF(E33="","",IF(OR(NOT(ISNUMBER(N33)),N33<=(1-E33)),"erfüllt",IF(G33="Fehler","mit Fehler",IF(G33="Warnung","mit Warnung","")))) -> erfüllt
A34: 11005 | B34: Knoten | C34: Bemerkung | I34: Anlagenkataster | J34: =IF(E34="","",raw_data!C26) | K34: =IF(E34="","",raw_data!D26) | L34: =IF(F34="","",raw_data!E26) | M34: =IF(E34="","",raw_data!F26) | N34: =IF(E34="","",IFERROR(M34/J34,"-")) | O34: =IF(E34="","",raw_data!G26) | P34: =IF(E34="","",IFERROR(O34/K34,"-")) | Q34: =IF(F34="","",raw_data!H26) | R34: =IF(F34="","",IFERROR(Q34/L34,"-")) | S34: =IF(E34="","",IF(OR(NOT(ISNUMBER(N34)),N34<=(1-E34)),"erfüllt",IF(G34="Fehler","mit Fehler",IF(G34="Warnung","mit Warnung",""))))
A35: 11006 | B35: Knoten | C35: Betreiberref | E35: 1 | G35: Warnung | I35: Anlagenkataster | J35: =IF(E35="","",raw_data!C27) -> 0 | K35: =IF(E35="","",raw_data!D27) -> 0 | L35: =IF(F35="","",raw_data!E27) | M35: =IF(E35="","",raw_data!F27) -> 0 | N35: =IF(E35="","",IFERROR(M35/J35,"-")) -> - | O35: =IF(E35="","",raw_data!G27) -> 0 | P35: =IF(E35="","",IFERROR(O35/K35,"-")) -> - | Q35: =IF(F35="","",raw_data!H27) | R35: =IF(F35="","",IFERROR(Q35/L35,"-")) | S35: =IF(E35="","",IF(OR(NOT(ISNUMBER(N35)),N35<=(1-E35)),"erfüllt",IF(G35="Fehler","mit Fehler",IF(G35="Warnung","mit Warnung","")))) -> erfüllt
A36: 11007a | B36: Knoten | C36: Bezeichnung | I36: Anlagenkataster | J36: =IF(E36="","",raw_data!C28) | K36: =IF(E36="","",raw_data!D28) | L36: =IF(F36="","",raw_data!E28) | M36: =IF(E36="","",raw_data!F28) | N36: =IF(E36="","",IFERROR(M36/J36,"-")) | O36: =IF(E36="","",raw_data!G28) | P36: =IF(E36="","",IFERROR(O36/K36,"-")) | Q36: =IF(F36="","",raw_data!H28) | R36: =IF(F36="","",IFERROR(Q36/L36,"-")) | S36: =IF(E36="","",IF(OR(NOT(ISNUMBER(N36)),N36<=(1-E36)),"erfüllt",IF(G36="Fehler","mit Fehler",IF(G36="Warnung","mit Warnung",""))))
A37: 11007b | B37: Knoten | C37: Bezeichnung | D37: eindeutig | E37: 1 | F37: 1 | G37: Fehler | H37: Fehler | I37: Anlagenkataster | J37: =IF(E37="","",raw_data!C29) -> 0 | K37: =IF(E37="","",raw_data!D29) -> 0 | L37: =IF(F37="","",raw_data!E29) -> 0 | M37: =IF(E37="","",raw_data!F29) -> 0 | N37: =IF(E37="","",IFERROR(M37/J37,"-")) -> - | O37: =IF(E37="","",raw_data!G29) -> 0 | P37: =IF(E37="","",IFERROR(O37/K37,"-")) -> - | Q37: =IF(F37="","",raw_data!H29) -> 0 | R37: =IF(F37="","",IFERROR(Q37/L37,"-")) -> - | S37: =IF(E37="","",IF(OR(NOT(ISNUMBER(N37)),N37<=(1-E37)),"erfüllt",IF(G37="Fehler","mit Fehler",IF(G37="Warnung","mit Warnung","")))) -> erfüllt
A38: 11008 | B38: Knoten | C38: Datenherrref | I38: Anlagenkataster | J38: =IF(E38="","",raw_data!C30) | K38: =IF(E38="","",raw_data!D30) | L38: =IF(F38="","",raw_data!E30) | M38: =IF(E38="","",raw_data!F30) | N38: =IF(E38="","",IFERROR(M38/J38,"-")) | O38: =IF(E38="","",raw_data!G30) | P38: =IF(E38="","",IFERROR(O38/K38,"-")) | Q38: =IF(F38="","",raw_data!H30) | R38: =IF(F38="","",IFERROR(Q38/L38,"-")) | S38: =IF(E38="","",IF(OR(NOT(ISNUMBER(N38)),N38<=(1-E38)),"erfüllt",IF(G38="Fehler","mit Fehler",IF(G38="Warnung","mit Warnung",""))))
A39: 11009 | B39: Knoten | C39: Datenlieferantref | I39: Anlagenkataster | J39: =IF(E39="","",raw_data!C31) | K39: =IF(E39="","",raw_data!D31) | L39: =IF(F39="","",raw_data!E31) | M39: =IF(E39="","",raw_data!F31) | N39: =IF(E39="","",IFERROR(M39/J39,"-")) | O39: =IF(E39="","",raw_data!G31) | P39: =IF(E39="","",IFERROR(O39/K39,"-")) | Q39: =IF(F39="","",raw_data!H31) | R39: =IF(F39="","",IFERROR(Q39/L39,"-")) | S39: =IF(E39="","",IF(OR(NOT(ISNUMBER(N39)),N39<=(1-E39)),"erfüllt",IF(G39="Fehler","mit Fehler",IF(G39="Warnung","mit Warnung",""))))
A40: 11010 | B40: Knoten | C40: Deckelkote | E40: 1 | G40: Warnung | I40: Entwässerungskonzept | J40: =IF(E40="","",raw_data!C32) -> 0 | K40: =IF(E40="","",raw_data!D32) -> 0 | L40: =IF(F40="","",raw_data!E32) | M40: =IF(E40="","",raw_data!F32) -> 0 | N40: =IF(E40="","",IFERROR(M40/J40,"-")) -> - | O40: =IF(E40="","",raw_data!G32) -> 0 | P40: =IF(E40="","",IFERROR(O40/K40,"-")) -> - | Q40: =IF(F40="","",raw_data!H32) | R40: =IF(F40="","",IFERROR(Q40/L40,"-")) | S40: =IF(E40="","",IF(OR(NOT(ISNUMBER(N40)),N40<=(1-E40)),"erfüllt",IF(G40="Fehler","mit Fehler",IF(G40="Warnung","mit Warnung","")))) -> erfüllt
A41: 11011 | B41: Knoten | C41: Detailgeometrie | I41: Anlagenkataster | J41: =IF(E41="","",raw_data!C33) | K41: =IF(E41="","",raw_data!D33) | L41: =IF(F41="","",raw_data!E33) | M41: =IF(E41="","",raw_data!F33) | N41: =IF(E41="","",IFERROR(M41/J41,"-")) | O41: =IF(E41="","",raw_data!G33) | P41: =IF(E41="","",IFERROR(O41/K41,"-")) | Q41: =IF(F41="","",raw_data!H33) | R41: =IF(F41="","",IFERROR(Q41/L41,"-")) | S41: =IF(E41="","",IF(OR(NOT(ISNUMBER(N41)),N41<=(1-E41)),"erfüllt",IF(G41="Fehler","mit Fehler",IF(G41="Warnung","mit Warnung",""))))
A42: 11012 | B42: Knoten | C42: Dimension1 | I42: Anlagenkataster | J42: =IF(E42="","",raw_data!C34) | K42: =IF(E42="","",raw_data!D34) | L42: =IF(F42="","",raw_data!E34) | M42: =IF(E42="","",raw_data!F34) | N42: =IF(E42="","",IFERROR(M42/J42,"-")) | O42: =IF(E42="","",raw_data!G34) | P42: =IF(E42="","",IFERROR(O42/K42,"-")) | Q42: =IF(F42="","",raw_data!H34) | R42: =IF(F42="","",IFERROR(Q42/L42,"-")) | S42: =IF(E42="","",IF(OR(NOT(ISNUMBER(N42)),N42<=(1-E42)),"erfüllt",IF(G42="Fehler","mit Fehler",IF(G42="Warnung","mit Warnung",""))))
A43: 11013 | B43: Knoten | C43: Dimension2 | I43: Anlagenkataster | J43: =IF(E43="","",raw_data!C35) | K43: =IF(E43="","",raw_data!D35) | L43: =IF(F43="","",raw_data!E35) | M43: =IF(E43="","",raw_data!F35) | N43: =IF(E43="","",IFERROR(M43/J43,"-")) | O43: =IF(E43="","",raw_data!G35) | P43: =IF(E43="","",IFERROR(O43/K43,"-")) | Q43: =IF(F43="","",raw_data!H35) | R43: =IF(F43="","",IFERROR(Q43/L43,"-")) | S43: =IF(E43="","",IF(OR(NOT(ISNUMBER(N43)),N43<=(1-E43)),"erfüllt",IF(G43="Fehler","mit Fehler",IF(G43="Warnung","mit Warnung",""))))
A44: 11014 | B44: Knoten | C44: Dringlichkeitszahl (nur 2020.1) | I44: Anlagenkataster | J44: =IF(E44="","",raw_data!C36) | K44: =IF(E44="","",raw_data!D36) | L44: =IF(F44="","",raw_data!E36) | M44: =IF(E44="","",raw_data!F36) | N44: =IF(E44="","",IFERROR(M44/J44,"-")) | O44: =IF(E44="","",raw_data!G36) | P44: =IF(E44="","",IFERROR(O44/K44,"-")) | Q44: =IF(F44="","",raw_data!H36) | R44: =IF(F44="","",IFERROR(Q44/L44,"-")) | S44: =IF(E44="","",IF(OR(NOT(ISNUMBER(N44)),N44<=(1-E44)),"erfüllt",IF(G44="Fehler","mit Fehler",IF(G44="Warnung","mit Warnung",""))))
A45: 11015 | B45: Knoten | C45: Eigentuemerref | E45: 1 | F45: 1 | G45: Fehler | H45: Fehler | I45: Anlagenkataster | J45: =IF(E45="","",raw_data!C37) -> 0 | K45: =IF(E45="","",raw_data!D37) -> 0 | L45: =IF(F45="","",raw_data!E37) -> 0 | M45: =IF(E45="","",raw_data!F37) -> 0 | N45: =IF(E45="","",IFERROR(M45/J45,"-")) -> - | O45: =IF(E45="","",raw_data!G37) -> 0 | P45: =IF(E45="","",IFERROR(O45/K45,"-")) -> - | Q45: =IF(F45="","",raw_data!H37) -> 0 | R45: =IF(F45="","",IFERROR(Q45/L45,"-")) -> - | S45: =IF(E45="","",IF(OR(NOT(ISNUMBER(N45)),N45<=(1-E45)),"erfüllt",IF(G45="Fehler","mit Fehler",IF(G45="Warnung","mit Warnung","")))) -> erfüllt
A46: 11016a | B46: Knoten | C46: Finanzierung | E46: 1 | F46: 1 | G46: Fehler | H46: Fehler | I46: Anlagenkataster | J46: =IF(E46="","",raw_data!C38) -> 0 | K46: =IF(E46="","",raw_data!D38) -> 0 | L46: =IF(F46="","",raw_data!E38) -> 0 | M46: =IF(E46="","",raw_data!F38) -> 0 | N46: =IF(E46="","",IFERROR(M46/J46,"-")) -> - | O46: =IF(E46="","",raw_data!G38) -> 0 | P46: =IF(E46="","",IFERROR(O46/K46,"-")) -> - | Q46: =IF(F46="","",raw_data!H38) -> 0 | R46: =IF(F46="","",IFERROR(Q46/L46,"-")) -> - | S46: =IF(E46="","",IF(OR(NOT(ISNUMBER(N46)),N46<=(1-E46)),"erfüllt",IF(G46="Fehler","mit Fehler",IF(G46="Warnung","mit Warnung","")))) -> erfüllt
A47: 11016b | B47: Knoten | C47: Finanzierung | D47: not unbekannt | E47: 0.9 | F47: 0.5 | G47: Fehler | H47: Fehler | I47: Anlagenkataster | J47: =IF(E47="","",raw_data!C39) -> 0 | K47: =IF(E47="","",raw_data!D39) -> 0 | L47: =IF(F47="","",raw_data!E39) -> 0 | M47: =IF(E47="","",raw_data!F39) -> 0 | N47: =IF(E47="","",IFERROR(M47/J47,"-")) -> - | O47: =IF(E47="","",raw_data!G39) -> 0 | P47: =IF(E47="","",IFERROR(O47/K47,"-")) -> - | Q47: =IF(F47="","",raw_data!H39) -> 0 | R47: =IF(F47="","",IFERROR(Q47/L47,"-")) -> - | S47: =IF(E47="","",IF(OR(NOT(ISNUMBER(N47)),N47<=(1-E47)),"erfüllt",IF(G47="Fehler","mit Fehler",IF(G47="Warnung","mit Warnung","")))) -> erfüllt
A48: 11017a | B48: Knoten | C48: Funktion | E48: 1 | F48: 1 | G48: Fehler | H48: Fehler | I48: Anlagenkataster | J48: =IF(E48="","",raw_data!C40) -> 0 | K48: =IF(E48="","",raw_data!D40) -> 0 | L48: =IF(F48="","",raw_data!E40) -> 0 | M48: =IF(E48="","",raw_data!F40) -> 0 | N48: =IF(E48="","",IFERROR(M48/J48,"-")) -> - | O48: =IF(E48="","",raw_data!G40) -> 0 | P48: =IF(E48="","",IFERROR(O48/K48,"-")) -> - | Q48: =IF(F48="","",raw_data!H40) -> 0 | R48: =IF(F48="","",IFERROR(Q48/L48,"-")) -> - | S48: =IF(E48="","",IF(OR(NOT(ISNUMBER(N48)),N48<=(1-E48)),"erfüllt",IF(G48="Fehler","mit Fehler",IF(G48="Warnung","mit Warnung","")))) -> erfüllt
A49: 11017b | B49: Knoten | C49: Funktion | D49: not unbekannt | E49: 0.9 | G49: Fehler | I49: Anlagenkataster | J49: =IF(E49="","",raw_data!C41) -> 0 | K49: =IF(E49="","",raw_data!D41) -> 0 | L49: =IF(F49="","",raw_data!E41) | M49: =IF(E49="","",raw_data!F41) -> 0 | N49: =IF(E49="","",IFERROR(M49/J49,"-")) -> - | O49: =IF(E49="","",raw_data!G41) -> 0 | P49: =IF(E49="","",IFERROR(O49/K49,"-")) -> - | Q49: =IF(F49="","",raw_data!H41) | R49: =IF(F49="","",IFERROR(Q49/L49,"-")) | S49: =IF(E49="","",IF(OR(NOT(ISNUMBER(N49)),N49<=(1-E49)),"erfüllt",IF(G49="Fehler","mit Fehler",IF(G49="Warnung","mit Warnung","")))) -> erfüllt
A50: 11018 | B50: Knoten | C50: Funktionhierarchisch | E50: 1 | F50: 1 | G50: Fehler | H50: Fehler | I50: Anlagenkataster | J50: =IF(E50="","",raw_data!C42) -> 0 | K50: =IF(E50="","",raw_data!D42) -> 0 | L50: =IF(F50="","",raw_data!E42) -> 0 | M50: =IF(E50="","",raw_data!F42) -> 0 | N50: =IF(E50="","",IFERROR(M50/J50,"-")) -> - | O50: =IF(E50="","",raw_data!G42) -> 0 | P50: =IF(E50="","",IFERROR(O50/K50,"-")) -> - | Q50: =IF(F50="","",raw_data!H42) -> 0 | R50: =IF(F50="","",IFERROR(Q50/L50,"-")) -> - | S50: =IF(E50="","",IF(OR(NOT(ISNUMBER(N50)),N50<=(1-E50)),"erfüllt",IF(G50="Fehler","mit Fehler",IF(G50="Warnung","mit Warnung","")))) -> erfüllt
A51: 11019 | B51: Knoten | C51: Lage | E51: 1 | F51: 1 | G51: Fehler | H51: Fehler | I51: Anlagenkataster | J51: =IF(E51="","",raw_data!C43) -> 0 | K51: =IF(E51="","",raw_data!D43) -> 0 | L51: =IF(F51="","",raw_data!E43) -> 0 | M51: =IF(E51="","",raw_data!F43) -> 0 | N51: =IF(E51="","",IFERROR(M51/J51,"-")) -> - | O51: =IF(E51="","",raw_data!G43) -> 0 | P51: =IF(E51="","",IFERROR(O51/K51,"-")) -> - | Q51: =IF(F51="","",raw_data!H43) -> 0 | R51: =IF(F51="","",IFERROR(Q51/L51,"-")) -> - | S51: =IF(E51="","",IF(OR(NOT(ISNUMBER(N51)),N51<=(1-E51)),"erfüllt",IF(G51="Fehler","mit Fehler",IF(G51="Warnung","mit Warnung","")))) -> erfüllt
A52: 11020 | B52: Knoten | C52: Lagegenauigkeit | I52: Anlagenkataster | J52: =IF(E52="","",raw_data!C44) | K52: =IF(E52="","",raw_data!D44) | L52: =IF(F52="","",raw_data!E44) | M52: =IF(E52="","",raw_data!F44) | N52: =IF(E52="","",IFERROR(M52/J52,"-")) | O52: =IF(E52="","",raw_data!G44) | P52: =IF(E52="","",IFERROR(O52/K52,"-")) | Q52: =IF(F52="","",raw_data!H44) | R52: =IF(F52="","",IFERROR(Q52/L52,"-")) | S52: =IF(E52="","",IF(OR(NOT(ISNUMBER(N52)),N52<=(1-E52)),"erfüllt",IF(G52="Fehler","mit Fehler",IF(G52="Warnung","mit Warnung",""))))
A53: 11021 | B53: Knoten | C53: Letzte_Aenderung | I53: Anlagenkataster | J53: =IF(E53="","",raw_data!C45) | K53: =IF(E53="","",raw_data!D45) | L53: =IF(F53="","",raw_data!E45) | M53: =IF(E53="","",raw_data!F45) | N53: =IF(E53="","",IFERROR(M53/J53,"-")) | O53: =IF(E53="","",raw_data!G45) | P53: =IF(E53="","",IFERROR(O53/K53,"-")) | Q53: =IF(F53="","",raw_data!H45) | R53: =IF(F53="","",IFERROR(Q53/L53,"-")) | S53: =IF(E53="","",IF(OR(NOT(ISNUMBER(N53)),N53<=(1-E53)),"erfüllt",IF(G53="Fehler","mit Fehler",IF(G53="Warnung","mit Warnung",""))))
A54: 11022a | B54: Knoten | C54: Nutzungsart_Geplant | E54: 1 | G54: Warnung | I54: Anlagenkataster | J54: =IF(E54="","",raw_data!C46) -> 0 | K54: =IF(E54="","",raw_data!D46) -> 0 | L54: =IF(F54="","",raw_data!E46) | M54: =IF(E54="","",raw_data!F46) -> 0 | N54: =IF(E54="","",IFERROR(M54/J54,"-")) -> - | O54: =IF(E54="","",raw_data!G46) -> 0 | P54: =IF(E54="","",IFERROR(O54/K54,"-")) -> - | Q54: =IF(F54="","",raw_data!H46) | R54: =IF(F54="","",IFERROR(Q54/L54,"-")) | S54: =IF(E54="","",IF(OR(NOT(ISNUMBER(N54)),N54<=(1-E54)),"erfüllt",IF(G54="Fehler","mit Fehler",IF(G54="Warnung","mit Warnung","")))) -> erfüllt
A55: 11022b | B55: Knoten | C55: Nutzungsart_Geplant | D55: not unbekannt | E55: 0.9 | G55: Fehler | I55: Anlagenkataster | J55: =IF(E55="","",raw_data!C47) -> 0 | K55: =IF(E55="","",raw_data!D47) -> 0 | L55: =IF(F55="","",raw_data!E47) | M55: =IF(E55="","",raw_data!F47) -> 0 | N55: =IF(E55="","",IFERROR(M55/J55,"-")) -> - | O55: =IF(E55="","",raw_data!G47) -> 0 | P55: =IF(E55="","",IFERROR(O55/K55,"-")) -> - | Q55: =IF(F55="","",raw_data!H47) | R55: =IF(F55="","",IFERROR(Q55/L55,"-")) | S55: =IF(E55="","",IF(OR(NOT(ISNUMBER(N55)),N55<=(1-E55)),"erfüllt",IF(G55="Fehler","mit Fehler",IF(G55="Warnung","mit Warnung","")))) -> erfüllt
A56: 11023a | B56: Knoten | C56: Nutzungsart_Ist | E56: 1 | G56: Fehler | I56: Anlagenkataster | J56: =IF(E56="","",raw_data!C48) -> 0 | K56: =IF(E56="","",raw_data!D48) -> 0 | L56: =IF(F56="","",raw_data!E48) | M56: =IF(E56="","",raw_data!F48) -> 0 | N56: =IF(E56="","",IFERROR(M56/J56,"-")) -> - | O56: =IF(E56="","",raw_data!G48) -> 0 | P56: =IF(E56="","",IFERROR(O56/K56,"-")) -> - | Q56: =IF(F56="","",raw_data!H48) | R56: =IF(F56="","",IFERROR(Q56/L56,"-")) | S56: =IF(E56="","",IF(OR(NOT(ISNUMBER(N56)),N56<=(1-E56)),"erfüllt",IF(G56="Fehler","mit Fehler",IF(G56="Warnung","mit Warnung","")))) -> erfüllt
A57: 11023b | B57: Knoten | C57: Nutzungsart_Ist | D57: not unbekannt | E57: 0.9 | G57: Fehler | I57: Anlagenkataster | J57: =IF(E57="","",raw_data!C49) -> 0 | K57: =IF(E57="","",raw_data!D49) -> 0 | L57: =IF(F57="","",raw_data!E49) | M57: =IF(E57="","",raw_data!F49) -> 0 | N57: =IF(E57="","",IFERROR(M57/J57,"-")) -> - | O57: =IF(E57="","",raw_data!G49) -> 0 | P57: =IF(E57="","",IFERROR(O57/K57,"-")) -> - | Q57: =IF(F57="","",raw_data!H49) | R57: =IF(F57="","",IFERROR(Q57/L57,"-")) | S57: =IF(E57="","",IF(OR(NOT(ISNUMBER(N57)),N57<=(1-E57)),"erfüllt",IF(G57="Fehler","mit Fehler",IF(G57="Warnung","mit Warnung","")))) -> erfüllt
A58: 11024 | B58: Knoten | C58: Obj_Id_Abwasserbauwerk | I58: Anlagenkataster | J58: =IF(E58="","",raw_data!C50) | K58: =IF(E58="","",raw_data!D50) | L58: =IF(F58="","",raw_data!E50) | M58: =IF(E58="","",raw_data!F50) | N58: =IF(E58="","",IFERROR(M58/J58,"-")) | O58: =IF(E58="","",raw_data!G50) | P58: =IF(E58="","",IFERROR(O58/K58,"-")) | Q58: =IF(F58="","",raw_data!H50) | R58: =IF(F58="","",IFERROR(Q58/L58,"-")) | S58: =IF(E58="","",IF(OR(NOT(ISNUMBER(N58)),N58<=(1-E58)),"erfüllt",IF(G58="Fehler","mit Fehler",IF(G58="Warnung","mit Warnung",""))))
A59: 11025 | B59: Knoten | C59: Obj_Id_Deckel | I59: Anlagenkataster | J59: =IF(E59="","",raw_data!C51) | K59: =IF(E59="","",raw_data!D51) | L59: =IF(F59="","",raw_data!E51) | M59: =IF(E59="","",raw_data!F51) | N59: =IF(E59="","",IFERROR(M59/J59,"-")) | O59: =IF(E59="","",raw_data!G51) | P59: =IF(E59="","",IFERROR(O59/K59,"-")) | Q59: =IF(F59="","",raw_data!H51) | R59: =IF(F59="","",IFERROR(Q59/L59,"-")) | S59: =IF(E59="","",IF(OR(NOT(ISNUMBER(N59)),N59<=(1-E59)),"erfüllt",IF(G59="Fehler","mit Fehler",IF(G59="Warnung","mit Warnung",""))))
A60: 11026 | B60: Knoten | C60: OID | E60: 1 | F60: 1 | G60: Fehler | H60: Fehler | I60: Anlagenkataster | J60: =IF(E60="","",raw_data!C52) -> 0 | K60: =IF(E60="","",raw_data!D52) -> 0 | L60: =IF(F60="","",raw_data!E52) -> 0 | M60: =IF(E60="","",raw_data!F52) -> 0 | N60: =IF(E60="","",IFERROR(M60/J60,"-")) -> - | O60: =IF(E60="","",raw_data!G52) -> 0 | P60: =IF(E60="","",IFERROR(O60/K60,"-")) -> - | Q60: =IF(F60="","",raw_data!H52) -> 0 | R60: =IF(F60="","",IFERROR(Q60/L60,"-")) -> - | S60: =IF(E60="","",IF(OR(NOT(ISNUMBER(N60)),N60<=(1-E60)),"erfüllt",IF(G60="Fehler","mit Fehler",IF(G60="Warnung","mit Warnung","")))) -> erfüllt
A61: 11027 | B61: Knoten | C61: Rueckstaukote_Ist | I61: Entwässerungskonzept | J61: =IF(E61="","",raw_data!C53) | K61: =IF(E61="","",raw_data!D53) | L61: =IF(F61="","",raw_data!E53) | M61: =IF(E61="","",raw_data!F53) | N61: =IF(E61="","",IFERROR(M61/J61,"-")) | O61: =IF(E61="","",raw_data!G53) | P61: =IF(E61="","",IFERROR(O61/K61,"-")) | Q61: =IF(F61="","",raw_data!H53) | R61: =IF(F61="","",IFERROR(Q61/L61,"-")) | S61: =IF(E61="","",IF(OR(NOT(ISNUMBER(N61)),N61<=(1-E61)),"erfüllt",IF(G61="Fehler","mit Fehler",IF(G61="Warnung","mit Warnung",""))))
A62: 11028 | B62: Knoten | C62: Sanierungsbedarf | I62: Z-S-U | J62: =IF(E62="","",raw_data!C54) | K62: =IF(E62="","",raw_data!D54) | L62: =IF(F62="","",raw_data!E54) | M62: =IF(E62="","",raw_data!F54) | N62: =IF(E62="","",IFERROR(M62/J62,"-")) | O62: =IF(E62="","",raw_data!G54) | P62: =IF(E62="","",IFERROR(O62/K62,"-")) | Q62: =IF(F62="","",raw_data!H54) | R62: =IF(F62="","",IFERROR(Q62/L62,"-")) | S62: =IF(E62="","",IF(OR(NOT(ISNUMBER(N62)),N62<=(1-E62)),"erfüllt",IF(G62="Fehler","mit Fehler",IF(G62="Warnung","mit Warnung",""))))
A63: 11029 | B63: Knoten | C63: Sohlenkote | E63: 1 | G63: Warnung | I63: Anlagenkataster | J63: =IF(E63="","",raw_data!C55) -> 0 | K63: =IF(E63="","",raw_data!D55) -> 0 | L63: =IF(F63="","",raw_data!E55) | M63: =IF(E63="","",raw_data!F55) -> 0 | N63: =IF(E63="","",IFERROR(M63/J63,"-")) -> - | O63: =IF(E63="","",raw_data!G55) -> 0 | P63: =IF(E63="","",IFERROR(O63/K63,"-")) -> - | Q63: =IF(F63="","",raw_data!H55) | R63: =IF(F63="","",IFERROR(Q63/L63,"-")) | S63: =IF(E63="","",IF(OR(NOT(ISNUMBER(N63)),N63<=(1-E63)),"erfüllt",IF(G63="Fehler","mit Fehler",IF(G63="Warnung","mit Warnung","")))) -> erfüllt
A64: 11030 | B64: Knoten | C64: Symbolori | I64: Anlagenkataster | J64: =IF(E64="","",raw_data!C56) | K64: =IF(E64="","",raw_data!D56) | L64: =IF(F64="","",raw_data!E56) | M64: =IF(E64="","",raw_data!F56) | N64: =IF(E64="","",IFERROR(M64/J64,"-")) | O64: =IF(E64="","",raw_data!G56) | P64: =IF(E64="","",IFERROR(O64/K64,"-")) | Q64: =IF(F64="","",raw_data!H56) | R64: =IF(F64="","",IFERROR(Q64/L64,"-")) | S64: =IF(E64="","",IF(OR(NOT(ISNUMBER(N64)),N64<=(1-E64)),"erfüllt",IF(G64="Fehler","mit Fehler",IF(G64="Warnung","mit Warnung",""))))
A65: 11031 | B65: Knoten | C65: Zugaenglichkeit | I65: Anlagenkataster | J65: =IF(E65="","",raw_data!C57) | K65: =IF(E65="","",raw_data!D57) | L65: =IF(F65="","",raw_data!E57) | M65: =IF(E65="","",raw_data!F57) | N65: =IF(E65="","",IFERROR(M65/J65,"-")) | O65: =IF(E65="","",raw_data!G57) | P65: =IF(E65="","",IFERROR(O65/K65,"-")) | Q65: =IF(F65="","",raw_data!H57) | R65: =IF(F65="","",IFERROR(Q65/L65,"-")) | S65: =IF(E65="","",IF(OR(NOT(ISNUMBER(N65)),N65<=(1-E65)),"erfüllt",IF(G65="Fehler","mit Fehler",IF(G65="Warnung","mit Warnung",""))))
A66: 11032a | B66: Knoten | C66: Zustandserhebung_Jahr | E66: 1 | F66: 1 | G66: Fehler | H66: Fehler | I66: Anlagenkataster | J66: =IF(E66="","",raw_data!C58) -> 0 | K66: =IF(E66="","",raw_data!D58) -> 0 | L66: =IF(F66="","",raw_data!E58) -> 0 | M66: =IF(E66="","",raw_data!F58) -> 0 | N66: =IF(E66="","",IFERROR(M66/J66,"-")) -> - | O66: =IF(E66="","",raw_data!G58) -> 0 | P66: =IF(E66="","",IFERROR(O66/K66,"-")) -> - | Q66: =IF(F66="","",raw_data!H58) -> 0 | R66: =IF(F66="","",IFERROR(Q66/L66,"-")) -> - | S66: =IF(E66="","",IF(OR(NOT(ISNUMBER(N66)),N66<=(1-E66)),"erfüllt",IF(G66="Fehler","mit Fehler",IF(G66="Warnung","mit Warnung","")))) -> erfüllt
A67: 11032b | B67: Knoten | C67: Zustandserhebung_Jahr | D67: not unbekannt | E67: 0.5 | G67: Fehler | I67: Anlagenkataster | J67: =IF(E67="","",raw_data!C59) -> 0 | K67: =IF(E67="","",raw_data!D59) -> 0 | L67: =IF(F67="","",raw_data!E59) | M67: =IF(E67="","",raw_data!F59) -> 0 | N67: =IF(E67="","",IFERROR(M67/J67,"-")) -> - | O67: =IF(E67="","",raw_data!G59) -> 0 | P67: =IF(E67="","",IFERROR(O67/K67,"-")) -> - | Q67: =IF(F67="","",raw_data!H59) | R67: =IF(F67="","",IFERROR(Q67/L67,"-")) | S67: =IF(E67="","",IF(OR(NOT(ISNUMBER(N67)),N67<=(1-E67)),"erfüllt",IF(G67="Fehler","mit Fehler",IF(G67="Warnung","mit Warnung","")))) -> erfüllt
A68: 11033a | B68: Knoten | C68: Zustandsnote (nur 2020.1) | E68: 1 | F68: 1 | G68: Fehler | H68: Fehler | I68: Anlagenkataster | J68: =IF(E68="","",raw_data!C60) -> 0 | K68: =IF(E68="","",raw_data!D60) -> 0 | L68: =IF(F68="","",raw_data!E60) -> 0 | M68: =IF(E68="","",raw_data!F60) -> 0 | N68: =IF(E68="","",IFERROR(M68/J68,"-")) -> - | O68: =IF(E68="","",raw_data!G60) -> 0 | P68: =IF(E68="","",IFERROR(O68/K68,"-")) -> - | Q68: =IF(F68="","",raw_data!H60) -> 0 | R68: =IF(F68="","",IFERROR(Q68/L68,"-")) -> - | S68: =IF(E68="","",IF(OR(NOT(ISNUMBER(N68)),N68<=(1-E68)),"erfüllt",IF(G68="Fehler","mit Fehler",IF(G68="Warnung","mit Warnung","")))) -> erfüllt
A69: 11033b | B69: Knoten | C69: Zustandsnote (nur 2020.1) | D69: not unbekannt | E69: 0.5 | G69: Fehler | I69: Anlagenkataster | J69: =IF(E69="","",raw_data!C61) -> 0 | K69: =IF(E69="","",raw_data!D61) -> 0 | L69: =IF(F69="","",raw_data!E61) | M69: =IF(E69="","",raw_data!F61) -> 0 | N69: =IF(E69="","",IFERROR(M69/J69,"-")) -> - | O69: =IF(E69="","",raw_data!G61) -> 0 | P69: =IF(E69="","",IFERROR(O69/K69,"-")) -> - | Q69: =IF(F69="","",raw_data!H61) | R69: =IF(F69="","",IFERROR(Q69/L69,"-")) | S69: =IF(E69="","",IF(OR(NOT(ISNUMBER(N69)),N69<=(1-E69)),"erfüllt",IF(G69="Fehler","mit Fehler",IF(G69="Warnung","mit Warnung","")))) -> erfüllt
A70: 12001a | B70: Leitung | C70: Status | E70: 1 | F70: 1 | G70: Fehler | H70: Fehler | I70: Anlagenkataster | J70: =IF(E70="","",raw_data!C62) -> 0 | K70: =IF(E70="","",raw_data!D62) -> 0 | L70: =IF(F70="","",raw_data!E62) -> 0 | M70: =IF(E70="","",raw_data!F62) -> 0 | N70: =IF(E70="","",IFERROR(M70/J70,"-")) -> - | O70: =IF(E70="","",raw_data!G62) -> 0 | P70: =IF(E70="","",IFERROR(O70/K70,"-")) -> - | Q70: =IF(F70="","",raw_data!H62) -> 0 | R70: =IF(F70="","",IFERROR(Q70/L70,"-")) -> - | S70: =IF(E70="","",IF(OR(NOT(ISNUMBER(N70)),N70<=(1-E70)),"erfüllt",IF(G70="Fehler","mit Fehler",IF(G70="Warnung","mit Warnung","")))) -> erfüllt
A71: 12001b | B71: Leitung | C71: Status | D71: not unbekannt | E71: 0.9 | F71: 0.5 | G71: Fehler | H71: Fehler | I71: Anlagenkataster | J71: =IF(E71="","",raw_data!C63) -> 0 | K71: =IF(E71="","",raw_data!D63) -> 0 | L71: =IF(F71="","",raw_data!E63) -> 0 | M71: =IF(E71="","",raw_data!F63) -> 0 | N71: =IF(E71="","",IFERROR(M71/J71,"-")) -> - | O71: =IF(E71="","",raw_data!G63) -> 0 | P71: =IF(E71="","",IFERROR(O71/K71,"-")) -> - | Q71: =IF(F71="","",raw_data!H63) -> 0 | R71: =IF(F71="","",IFERROR(Q71/L71,"-")) -> - | S71: =IF(E71="","",IF(OR(NOT(ISNUMBER(N71)),N71<=(1-E71)),"erfüllt",IF(G71="Fehler","mit Fehler",IF(G71="Warnung","mit Warnung","")))) -> erfüllt
A72: 12002a | B72: Leitung | C72: Baujahr | E72: 1 | G72: Fehler | I72: Anlagenkataster | J72: =IF(E72="","",raw_data!C64) -> 0 | K72: =IF(E72="","",raw_data!D64) -> 0 | L72: =IF(F72="","",raw_data!E64) | M72: =IF(E72="","",raw_data!F64) -> 0 | N72: =IF(E72="","",IFERROR(M72/J72,"-")) -> - | O72: =IF(E72="","",raw_data!G64) -> 0 | P72: =IF(E72="","",IFERROR(O72/K72,"-")) -> - | Q72: =IF(F72="","",raw_data!H64) | R72: =IF(F72="","",IFERROR(Q72/L72,"-")) | S72: =IF(E72="","",IF(OR(NOT(ISNUMBER(N72)),N72<=(1-E72)),"erfüllt",IF(G72="Fehler","mit Fehler",IF(G72="Warnung","mit Warnung","")))) -> erfüllt
A73: 12002b | B73: Leitung | C73: Baujahr | D73: not 1800 | E73: 0.5 | G73: Warnung | I73: Anlagenkataster | J73: =IF(E73="","",raw_data!C65) -> 0 | K73: =IF(E73="","",raw_data!D65) -> 0 | L73: =IF(F73="","",raw_data!E65) | M73: =IF(E73="","",raw_data!F65) -> 0 | N73: =IF(E73="","",IFERROR(M73/J73,"-")) -> - | O73: =IF(E73="","",raw_data!G65) -> 0 | P73: =IF(E73="","",IFERROR(O73/K73,"-")) -> - | Q73: =IF(F73="","",raw_data!H65) | R73: =IF(F73="","",IFERROR(Q73/L73,"-")) | S73: =IF(E73="","",IF(OR(NOT(ISNUMBER(N73)),N73<=(1-E73)),"erfüllt",IF(G73="Fehler","mit Fehler",IF(G73="Warnung","mit Warnung","")))) -> erfüllt
A74: 12003a | B74: Leitung | C74: Baulicherzustand | E74: 1 | F74: 1 | G74: Fehler | H74: Fehler | I74: Z-S-U | J74: =IF(E74="","",raw_data!C66) -> 0 | K74: =IF(E74="","",raw_data!D66) -> 0 | L74: =IF(F74="","",raw_data!E66) -> 0 | M74: =IF(E74="","",raw_data!F66) -> 0 | N74: =IF(E74="","",IFERROR(M74/J74,"-")) -> - | O74: =IF(E74="","",raw_data!G66) -> 0 | P74: =IF(E74="","",IFERROR(O74/K74,"-")) -> - | Q74: =IF(F74="","",raw_data!H66) -> 0 | R74: =IF(F74="","",IFERROR(Q74/L74,"-")) -> - | S74: =IF(E74="","",IF(OR(NOT(ISNUMBER(N74)),N74<=(1-E74)),"erfüllt",IF(G74="Fehler","mit Fehler",IF(G74="Warnung","mit Warnung","")))) -> erfüllt
A75: 12003b | B75: Leitung | C75: Baulicherzustand | D75: not unbekannt | E75: 0.5 | G75: Fehler | I75: Z-S-U | J75: =IF(E75="","",raw_data!C67) -> 0 | K75: =IF(E75="","",raw_data!D67) -> 0 | L75: =IF(F75="","",raw_data!E67) | M75: =IF(E75="","",raw_data!F67) -> 0 | N75: =IF(E75="","",IFERROR(M75/J75,"-")) -> - | O75: =IF(E75="","",raw_data!G67) -> 0 | P75: =IF(E75="","",IFERROR(O75/K75,"-")) -> - | Q75: =IF(F75="","",raw_data!H67) | R75: =IF(F75="","",IFERROR(Q75/L75,"-")) | S75: =IF(E75="","",IF(OR(NOT(ISNUMBER(N75)),N75<=(1-E75)),"erfüllt",IF(G75="Fehler","mit Fehler",IF(G75="Warnung","mit Warnung","")))) -> erfüllt
A76: 12004 | B76: Leitung | C76: Bemerkung | I76: Anlagenkataster | J76: =IF(E76="","",raw_data!C68) | K76: =IF(E76="","",raw_data!D68) | L76: =IF(F76="","",raw_data!E68) | M76: =IF(E76="","",raw_data!F68) | N76: =IF(E76="","",IFERROR(M76/J76,"-")) | O76: =IF(E76="","",raw_data!G68) | P76: =IF(E76="","",IFERROR(O76/K76,"-")) | Q76: =IF(F76="","",raw_data!H68) | R76: =IF(F76="","",IFERROR(Q76/L76,"-")) | S76: =IF(E76="","",IF(OR(NOT(ISNUMBER(N76)),N76<=(1-E76)),"erfüllt",IF(G76="Fehler","mit Fehler",IF(G76="Warnung","mit Warnung",""))))
A77: 12005 | B77: Leitung | C77: Betreiberref | E77: 1 | G77: Warnung | I77: Anlagenkataster | J77: =IF(E77="","",raw_data!C69) -> 0 | K77: =IF(E77="","",raw_data!D69) -> 0 | L77: =IF(F77="","",raw_data!E69) | M77: =IF(E77="","",raw_data!F69) -> 0 | N77: =IF(E77="","",IFERROR(M77/J77,"-")) -> - | O77: =IF(E77="","",raw_data!G69) -> 0 | P77: =IF(E77="","",IFERROR(O77/K77,"-")) -> - | Q77: =IF(F77="","",raw_data!H69) | R77: =IF(F77="","",IFERROR(Q77/L77,"-")) | S77: =IF(E77="","",IF(OR(NOT(ISNUMBER(N77)),N77<=(1-E77)),"erfüllt",IF(G77="Fehler","mit Fehler",IF(G77="Warnung","mit Warnung","")))) -> erfüllt
A78: 12006a | B78: Leitung | C78: Bezeichnung | I78: Anlagenkataster | J78: =IF(E78="","",raw_data!C70) | K78: =IF(E78="","",raw_data!D70) | L78: =IF(F78="","",raw_data!E70) | M78: =IF(E78="","",raw_data!F70) | N78: =IF(E78="","",IFERROR(M78/J78,"-")) | O78: =IF(E78="","",raw_data!G70) | P78: =IF(E78="","",IFERROR(O78/K78,"-")) | Q78: =IF(F78="","",raw_data!H70) | R78: =IF(F78="","",IFERROR(Q78/L78,"-")) | S78: =IF(E78="","",IF(OR(NOT(ISNUMBER(N78)),N78<=(1-E78)),"erfüllt",IF(G78="Fehler","mit Fehler",IF(G78="Warnung","mit Warnung",""))))
A79: 12006b | B79: Leitung | C79: Bezeichnung | D79: eindeutig | E79: 1 | G79: Fehler | I79: Anlagenkataster | J79: =IF(E79="","",raw_data!C71) -> 0 | K79: =IF(E79="","",raw_data!D71) -> 0 | L79: =IF(F79="","",raw_data!E71) | M79: =IF(E79="","",raw_data!F71) -> 0 | N79: =IF(E79="","",IFERROR(M79/J79,"-")) -> - | O79: =IF(E79="","",raw_data!G71) -> 0 | P79: =IF(E79="","",IFERROR(O79/K79,"-")) -> - | Q79: =IF(F79="","",raw_data!H71) | R79: =IF(F79="","",IFERROR(Q79/L79,"-")) | S79: =IF(E79="","",IF(OR(NOT(ISNUMBER(N79)),N79<=(1-E79)),"erfüllt",IF(G79="Fehler","mit Fehler",IF(G79="Warnung","mit Warnung","")))) -> erfüllt
A80: 12007 | B80: Leitung | C80: Datenherrref | I80: Anlagenkataster | J80: =IF(E80="","",raw_data!C72) | K80: =IF(E80="","",raw_data!D72) | L80: =IF(F80="","",raw_data!E72) | M80: =IF(E80="","",raw_data!F72) | N80: =IF(E80="","",IFERROR(M80/J80,"-")) | O80: =IF(E80="","",raw_data!G72) | P80: =IF(E80="","",IFERROR(O80/K80,"-")) | Q80: =IF(F80="","",raw_data!H72) | R80: =IF(F80="","",IFERROR(Q80/L80,"-")) | S80: =IF(E80="","",IF(OR(NOT(ISNUMBER(N80)),N80<=(1-E80)),"erfüllt",IF(G80="Fehler","mit Fehler",IF(G80="Warnung","mit Warnung",""))))
A81: 12008 | B81: Leitung | C81: Datenlieferantref | I81: Anlagenkataster | J81: =IF(E81="","",raw_data!C73) | K81: =IF(E81="","",raw_data!D73) | L81: =IF(F81="","",raw_data!E73) | M81: =IF(E81="","",raw_data!F73) | N81: =IF(E81="","",IFERROR(M81/J81,"-")) | O81: =IF(E81="","",raw_data!G73) | P81: =IF(E81="","",IFERROR(O81/K81,"-")) | Q81: =IF(F81="","",raw_data!H73) | R81: =IF(F81="","",IFERROR(Q81/L81,"-")) | S81: =IF(E81="","",IF(OR(NOT(ISNUMBER(N81)),N81<=(1-E81)),"erfüllt",IF(G81="Fehler","mit Fehler",IF(G81="Warnung","mit Warnung",""))))
A82: 12009 | B82: Leitung | C82: Dringlichkeitszahl (nur 2020.1) | I82: Anlagenkataster | J82: =IF(E82="","",raw_data!C74) | K82: =IF(E82="","",raw_data!D74) | L82: =IF(F82="","",raw_data!E74) | M82: =IF(E82="","",raw_data!F74) | N82: =IF(E82="","",IFERROR(M82/J82,"-")) | O82: =IF(E82="","",raw_data!G74) | P82: =IF(E82="","",IFERROR(O82/K82,"-")) | Q82: =IF(F82="","",raw_data!H74) | R82: =IF(F82="","",IFERROR(Q82/L82,"-")) | S82: =IF(E82="","",IF(OR(NOT(ISNUMBER(N82)),N82<=(1-E82)),"erfüllt",IF(G82="Fehler","mit Fehler",IF(G82="Warnung","mit Warnung",""))))
A83: 12010 | B83: Leitung | C83: Eigentuemerref | E83: 1 | F83: 1 | G83: Fehler | H83: Fehler | I83: Anlagenkataster | J83: =IF(E83="","",raw_data!C75) -> 0 | K83: =IF(E83="","",raw_data!D75) -> 0 | L83: =IF(F83="","",raw_data!E75) -> 0 | M83: =IF(E83="","",raw_data!F75) -> 0 | N83: =IF(E83="","",IFERROR(M83/J83,"-")) -> - | O83: =IF(E83="","",raw_data!G75) -> 0 | P83: =IF(E83="","",IFERROR(O83/K83,"-")) -> - | Q83: =IF(F83="","",raw_data!H75) -> 0 | R83: =IF(F83="","",IFERROR(Q83/L83,"-")) -> - | S83: =IF(E83="","",IF(OR(NOT(ISNUMBER(N83)),N83<=(1-E83)),"erfüllt",IF(G83="Fehler","mit Fehler",IF(G83="Warnung","mit Warnung","")))) -> erfüllt
A84: 12011a | B84: Leitung | C84: Finanzierung | E84: 1 | F84: 1 | G84: Fehler | H84: Fehler | I84: Anlagenkataster | J84: =IF(E84="","",raw_data!C76) -> 0 | K84: =IF(E84="","",raw_data!D76) -> 0 | L84: =IF(F84="","",raw_data!E76) -> 0 | M84: =IF(E84="","",raw_data!F76) -> 0 | N84: =IF(E84="","",IFERROR(M84/J84,"-")) -> - | O84: =IF(E84="","",raw_data!G76) -> 0 | P84: =IF(E84="","",IFERROR(O84/K84,"-")) -> - | Q84: =IF(F84="","",raw_data!H76) -> 0 | R84: =IF(F84="","",IFERROR(Q84/L84,"-")) -> - | S84: =IF(E84="","",IF(OR(NOT(ISNUMBER(N84)),N84<=(1-E84)),"erfüllt",IF(G84="Fehler","mit Fehler",IF(G84="Warnung","mit Warnung","")))) -> erfüllt
A85: 12011b | B85: Leitung | C85: Finanzierung | D85: not unbekannt | E85: 0.9 | F85: 0.5 | G85: Fehler | H85: Fehler | I85: Anlagenkataster | J85: =IF(E85="","",raw_data!C77) -> 0 | K85: =IF(E85="","",raw_data!D77) -> 0 | L85: =IF(F85="","",raw_data!E77) -> 0 | M85: =IF(E85="","",raw_data!F77) -> 0 | N85: =IF(E85="","",IFERROR(M85/J85,"-")) -> - | O85: =IF(E85="","",raw_data!G77) -> 0 | P85: =IF(E85="","",IFERROR(O85/K85,"-")) -> - | Q85: =IF(F85="","",raw_data!H77) -> 0 | R85: =IF(F85="","",IFERROR(Q85/L85,"-")) -> - | S85: =IF(E85="","",IF(OR(NOT(ISNUMBER(N85)),N85<=(1-E85)),"erfüllt",IF(G85="Fehler","mit Fehler",IF(G85="Warnung","mit Warnung","")))) -> erfüllt
A86: 12012a | B86: Leitung | C86: Funktionhierarchisch | E86: 1 | F86: 1 | G86: Fehler | H86: Fehler | I86: Anlagenkataster | J86: =IF(E86="","",raw_data!C78) -> 0 | K86: =IF(E86="","",raw_data!D78) -> 0 | L86: =IF(F86="","",raw_data!E78) -> 0 | M86: =IF(E86="","",raw_data!F78) -> 0 | N86: =IF(E86="","",IFERROR(M86/J86,"-")) -> - | O86: =IF(E86="","",raw_data!G78) -> 0 | P86: =IF(E86="","",IFERROR(O86/K86,"-")) -> - | Q86: =IF(F86="","",raw_data!H78) -> 0 | R86: =IF(F86="","",IFERROR(Q86/L86,"-")) -> - | S86: =IF(E86="","",IF(OR(NOT(ISNUMBER(N86)),N86<=(1-E86)),"erfüllt",IF(G86="Fehler","mit Fehler",IF(G86="Warnung","mit Warnung","")))) -> erfüllt
A87: 12012b | B87: Leitung | C87: Funktionhierarchisch | D87: not unbekannt | E87: 0.9 | F87: 0.5 | G87: Fehler | H87: Fehler | I87: Anlagenkataster | J87: =IF(E87="","",raw_data!C79) -> 0 | K87: =IF(E87="","",raw_data!D79) -> 0 | L87: =IF(F87="","",raw_data!E79) -> 0 | M87: =IF(E87="","",raw_data!F79) -> 0 | N87: =IF(E87="","",IFERROR(M87/J87,"-")) -> - | O87: =IF(E87="","",raw_data!G79) -> 0 | P87: =IF(E87="","",IFERROR(O87/K87,"-")) -> - | Q87: =IF(F87="","",raw_data!H79) -> 0 | R87: =IF(F87="","",IFERROR(Q87/L87,"-")) -> - | S87: =IF(E87="","",IF(OR(NOT(ISNUMBER(N87)),N87<=(1-E87)),"erfüllt",IF(G87="Fehler","mit Fehler",IF(G87="Warnung","mit Warnung","")))) -> erfüllt
A88: 12013a | B88: Leitung | C88: Funktionhydraulisch | E88: 1 | F88: 1 | G88: Fehler | H88: Fehler | I88: Anlagenkataster | J88: =IF(E88="","",raw_data!C80) -> 0 | K88: =IF(E88="","",raw_data!D80) -> 0 | L88: =IF(F88="","",raw_data!E80) -> 0 | M88: =IF(E88="","",raw_data!F80) -> 0 | N88: =IF(E88="","",IFERROR(M88/J88,"-")) -> - | O88: =IF(E88="","",raw_data!G80) -> 0 | P88: =IF(E88="","",IFERROR(O88/K88,"-")) -> - | Q88: =IF(F88="","",raw_data!H80) -> 0 | R88: =IF(F88="","",IFERROR(Q88/L88,"-")) -> - | S88: =IF(E88="","",IF(OR(NOT(ISNUMBER(N88)),N88<=(1-E88)),"erfüllt",IF(G88="Fehler","mit Fehler",IF(G88="Warnung","mit Warnung","")))) -> erfüllt
A89: 12013b | B89: Leitung | C89: Funktionhydraulisch | D89: not unbekannt | E89: 0.9 | F89: 0.5 | G89: Fehler | H89: Fehler | I89: Anlagenkataster | J89: =IF(E89="","",raw_data!C81) -> 0 | K89: =IF(E89="","",raw_data!D81) -> 0 | L89: =IF(F89="","",raw_data!E81) -> 0 | M89: =IF(E89="","",raw_data!F81) -> 0 | N89: =IF(E89="","",IFERROR(M89/J89,"-")) -> - | O89: =IF(E89="","",raw_data!G81) -> 0 | P89: =IF(E89="","",IFERROR(O89/K89,"-")) -> - | Q89: =IF(F89="","",raw_data!H81) -> 0 | R89: =IF(F89="","",IFERROR(Q89/L89,"-")) -> - | S89: =IF(E89="","",IF(OR(NOT(ISNUMBER(N89)),N89<=(1-E89)),"erfüllt",IF(G89="Fehler","mit Fehler",IF(G89="Warnung","mit Warnung","")))) -> erfüllt
A90: 12014 | B90: Leitung | C90: Hoehengenauigkeit_Nach | I90: Anlagenkataster | J90: =IF(E90="","",raw_data!C82) | K90: =IF(E90="","",raw_data!D82) | L90: =IF(F90="","",raw_data!E82) | M90: =IF(E90="","",raw_data!F82) | N90: =IF(E90="","",IFERROR(M90/J90,"-")) | O90: =IF(E90="","",raw_data!G82) | P90: =IF(E90="","",IFERROR(O90/K90,"-")) | Q90: =IF(F90="","",raw_data!H82) | R90: =IF(F90="","",IFERROR(Q90/L90,"-")) | S90: =IF(E90="","",IF(OR(NOT(ISNUMBER(N90)),N90<=(1-E90)),"erfüllt",IF(G90="Fehler","mit Fehler",IF(G90="Warnung","mit Warnung",""))))
A91: 12015 | B91: Leitung | C91: Hoehengenauigkeit_Von | I91: Anlagenkataster | J91: =IF(E91="","",raw_data!C83) | K91: =IF(E91="","",raw_data!D83) | L91: =IF(F91="","",raw_data!E83) | M91: =IF(E91="","",raw_data!F83) | N91: =IF(E91="","",IFERROR(M91/J91,"-")) | O91: =IF(E91="","",raw_data!G83) | P91: =IF(E91="","",IFERROR(O91/K91,"-")) | Q91: =IF(F91="","",raw_data!H83) | R91: =IF(F91="","",IFERROR(Q91/L91,"-")) | S91: =IF(E91="","",IF(OR(NOT(ISNUMBER(N91)),N91<=(1-E91)),"erfüllt",IF(G91="Fehler","mit Fehler",IF(G91="Warnung","mit Warnung",""))))
A92: 12016 | B92: Leitung | C92: Hydr_Belastung_Ist | I92: Entwässerungskonzept | J92: =IF(E92="","",raw_data!C84) | K92: =IF(E92="","",raw_data!D84) | L92: =IF(F92="","",raw_data!E84) | M92: =IF(E92="","",raw_data!F84) | N92: =IF(E92="","",IFERROR(M92/J92,"-")) | O92: =IF(E92="","",raw_data!G84) | P92: =IF(E92="","",IFERROR(O92/K92,"-")) | Q92: =IF(F92="","",raw_data!H84) | R92: =IF(F92="","",IFERROR(Q92/L92,"-")) | S92: =IF(E92="","",IF(OR(NOT(ISNUMBER(N92)),N92<=(1-E92)),"erfüllt",IF(G92="Fehler","mit Fehler",IF(G92="Warnung","mit Warnung",""))))
A93: 12017 | B93: Leitung | C93: Knoten_Nachref | E93: 1 | G93: Fehler | I93: Anlagenkataster | J93: =IF(E93="","",raw_data!C85) -> 0 | K93: =IF(E93="","",raw_data!D85) -> 0 | L93: =IF(F93="","",raw_data!E85) | M93: =IF(E93="","",raw_data!F85) -> 0 | N93: =IF(E93="","",IFERROR(M93/J93,"-")) -> - | O93: =IF(E93="","",raw_data!G85) -> 0 | P93: =IF(E93="","",IFERROR(O93/K93,"-")) -> - | Q93: =IF(F93="","",raw_data!H85) | R93: =IF(F93="","",IFERROR(Q93/L93,"-")) | S93: =IF(E93="","",IF(OR(NOT(ISNUMBER(N93)),N93<=(1-E93)),"erfüllt",IF(G93="Fehler","mit Fehler",IF(G93="Warnung","mit Warnung","")))) -> erfüllt
A94: 12018 | B94: Leitung | C94: Knoten_Vonref | E94: 1 | G94: Fehler | I94: Anlagenkataster | J94: =IF(E94="","",raw_data!C86) -> 0 | K94: =IF(E94="","",raw_data!D86) -> 0 | L94: =IF(F94="","",raw_data!E86) | M94: =IF(E94="","",raw_data!F86) -> 0 | N94: =IF(E94="","",IFERROR(M94/J94,"-")) -> - | O94: =IF(E94="","",raw_data!G86) -> 0 | P94: =IF(E94="","",IFERROR(O94/K94,"-")) -> - | Q94: =IF(F94="","",raw_data!H86) | R94: =IF(F94="","",IFERROR(Q94/L94,"-")) | S94: =IF(E94="","",IF(OR(NOT(ISNUMBER(N94)),N94<=(1-E94)),"erfüllt",IF(G94="Fehler","mit Fehler",IF(G94="Warnung","mit Warnung","")))) -> erfüllt
A95: 12019 | B95: Leitung | C95: Kote_Nach | E95: 1 | G95: Warnung | I95: Anlagenkataster | J95: =IF(E95="","",raw_data!C87) -> 0 | K95: =IF(E95="","",raw_data!D87) -> 0 | L95: =IF(F95="","",raw_data!E87) | M95: =IF(E95="","",raw_data!F87) -> 0 | N95: =IF(E95="","",IFERROR(M95/J95,"-")) -> - | O95: =IF(E95="","",raw_data!G87) -> 0 | P95: =IF(E95="","",IFERROR(O95/K95,"-")) -> - | Q95: =IF(F95="","",raw_data!H87) | R95: =IF(F95="","",IFERROR(Q95/L95,"-")) | S95: =IF(E95="","",IF(OR(NOT(ISNUMBER(N95)),N95<=(1-E95)),"erfüllt",IF(G95="Fehler","mit Fehler",IF(G95="Warnung","mit Warnung","")))) -> erfüllt
A96: 12020 | B96: Leitung | C96: Kote_Von | E96: 1 | G96: Warnung | I96: Anlagenkataster | J96: =IF(E96="","",raw_data!C88) -> 0 | K96: =IF(E96="","",raw_data!D88) -> 0 | L96: =IF(F96="","",raw_data!E88) | M96: =IF(E96="","",raw_data!F88) -> 0 | N96: =IF(E96="","",IFERROR(M96/J96,"-")) -> - | O96: =IF(E96="","",raw_data!G88) -> 0 | P96: =IF(E96="","",IFERROR(O96/K96,"-")) -> - | Q96: =IF(F96="","",raw_data!H88) | R96: =IF(F96="","",IFERROR(Q96/L96,"-")) | S96: =IF(E96="","",IF(OR(NOT(ISNUMBER(N96)),N96<=(1-E96)),"erfüllt",IF(G96="Fehler","mit Fehler",IF(G96="Warnung","mit Warnung","")))) -> erfüllt
A97: 12021 | B97: Leitung | C97: Laengeeffektiv | I97: Anlagenkataster | J97: =IF(E97="","",raw_data!C89) | K97: =IF(E97="","",raw_data!D89) | L97: =IF(F97="","",raw_data!E89) | M97: =IF(E97="","",raw_data!F89) | N97: =IF(E97="","",IFERROR(M97/J97,"-")) | O97: =IF(E97="","",raw_data!G89) | P97: =IF(E97="","",IFERROR(O97/K97,"-")) | Q97: =IF(F97="","",raw_data!H89) | R97: =IF(F97="","",IFERROR(Q97/L97,"-")) | S97: =IF(E97="","",IF(OR(NOT(ISNUMBER(N97)),N97<=(1-E97)),"erfüllt",IF(G97="Fehler","mit Fehler",IF(G97="Warnung","mit Warnung",""))))
A98: 12022 | B98: Leitung | C98: Lagebestimmung | I98: Anlagenkataster | J98: =IF(E98="","",raw_data!C90) | K98: =IF(E98="","",raw_data!D90) | L98: =IF(F98="","",raw_data!E90) | M98: =IF(E98="","",raw_data!F90) | N98: =IF(E98="","",IFERROR(M98/J98,"-")) | O98: =IF(E98="","",raw_data!G90) | P98: =IF(E98="","",IFERROR(O98/K98,"-")) | Q98: =IF(F98="","",raw_data!H90) | R98: =IF(F98="","",IFERROR(Q98/L98,"-")) | S98: =IF(E98="","",IF(OR(NOT(ISNUMBER(N98)),N98<=(1-E98)),"erfüllt",IF(G98="Fehler","mit Fehler",IF(G98="Warnung","mit Warnung",""))))
A99: 12023a | B99: Leitung | C99: Leckschutz | E99: 1 | F99: 1 | G99: Fehler | H99: Fehler | I99: Anlagenkataster | J99: =IF(E99="","",raw_data!C91) -> 0 | K99: =IF(E99="","",raw_data!D91) -> 0 | L99: =IF(F99="","",raw_data!E91) -> 0 | M99: =IF(E99="","",raw_data!F91) -> 0 | N99: =IF(E99="","",IFERROR(M99/J99,"-")) -> - | O99: =IF(E99="","",raw_data!G91) -> 0 | P99: =IF(E99="","",IFERROR(O99/K99,"-")) -> - | Q99: =IF(F99="","",raw_data!H91) -> 0 | R99: =IF(F99="","",IFERROR(Q99/L99,"-")) -> - | S99: =IF(E99="","",IF(OR(NOT(ISNUMBER(N99)),N99<=(1-E99)),"erfüllt",IF(G99="Fehler","mit Fehler",IF(G99="Warnung","mit Warnung","")))) -> erfüllt
A100: 12023b | B100: Leitung | C100: Leckschutz | D100: not unbekannt | E100: 0.9 | F100: 0.5 | G100: Fehler | H100: Fehler | I100: Anlagenkataster | J100: =IF(E100="","",raw_data!C92) -> 0 | K100: =IF(E100="","",raw_data!D92) -> 0 | L100: =IF(F100="","",raw_data!E92) -> 0 | M100: =IF(E100="","",raw_data!F92) -> 0 | N100: =IF(E100="","",IFERROR(M100/J100,"-")) -> - | O100: =IF(E100="","",raw_data!G92) -> 0 | P100: =IF(E100="","",IFERROR(O100/K100,"-")) -> - | Q100: =IF(F100="","",raw_data!H92) -> 0 | R100: =IF(F100="","",IFERROR(Q100/L100,"-")) -> - | S100: =IF(E100="","",IF(OR(NOT(ISNUMBER(N100)),N100<=(1-E100)),"erfüllt",IF(G100="Fehler","mit Fehler",IF(G100="Warnung","mit Warnung","")))) -> erfüllt
A101: 12024 | B101: Leitung | C101: Leitung_Nachref | I101: Anlagenkataster | J101: =IF(E101="","",raw_data!C93) | K101: =IF(E101="","",raw_data!D93) | L101: =IF(F101="","",raw_data!E93) | M101: =IF(E101="","",raw_data!F93) | N101: =IF(E101="","",IFERROR(M101/J101,"-")) | O101: =IF(E101="","",raw_data!G93) | P101: =IF(E101="","",IFERROR(O101/K101,"-")) | Q101: =IF(F101="","",raw_data!H93) | R101: =IF(F101="","",IFERROR(Q101/L101,"-")) | S101: =IF(E101="","",IF(OR(NOT(ISNUMBER(N101)),N101<=(1-E101)),"erfüllt",IF(G101="Fehler","mit Fehler",IF(G101="Warnung","mit Warnung",""))))
A102: 12025 | B102: Leitung | C102: Letzte_Aenderung | I102: Anlagenkataster | J102: =IF(E102="","",raw_data!C94) | K102: =IF(E102="","",raw_data!D94) | L102: =IF(F102="","",raw_data!E94) | M102: =IF(E102="","",raw_data!F94) | N102: =IF(E102="","",IFERROR(M102/J102,"-")) | O102: =IF(E102="","",raw_data!G94) | P102: =IF(E102="","",IFERROR(O102/K102,"-")) | Q102: =IF(F102="","",raw_data!H94) | R102: =IF(F102="","",IFERROR(Q102/L102,"-")) | S102: =IF(E102="","",IF(OR(NOT(ISNUMBER(N102)),N102<=(1-E102)),"erfüllt",IF(G102="Fehler","mit Fehler",IF(G102="Warnung","mit Warnung",""))))
...

Sheet raw_data
